,neighbors,chemical_shift
0,"[['C', 1.3373830456173676, 0.432466, 6, 2.55, 12]]",283.041
1,"[['C', 1.3591821356720823, 0.432466, 6, 2.55, 12]]",278.103
2,"[['C', 1.3492619904787477, 0.432466, 6, 2.55, 12]]",261.239
3,"[['C', 1.3543952614878, 0.0, 6, 2.55, 12]]",255.713
4,"[['C', 1.3543463981464139, 0.0, 6, 2.55, 12]]",257.689
5,"[['C', 1.3507294115684478, 0.0, 6, 2.55, 12]]",285.179
6,"[['C', 1.3527547495811045, 0.417441, 6, 2.55, 12]]",253.194
7,"[['C', 1.3507899256570302, 0.417441, 6, 2.55, 12]]",284.326
8,"[['C', 1.3511255452865618, 0.417441, 6, 2.55, 12]]",260.91
9,"[['C', 1.3540229033908904, 0.41743, 6, 2.55, 12]]",261.235
10,"[['C', 1.3499696524805067, 0.41743, 6, 2.55, 12]]",283.699
11,"[['C', 1.354001158906901, 0.41743, 6, 2.55, 12]]",252.97
12,"[['C', 1.3478999402707328, 0.12342, 6, 2.55, 12]]",295.621
13,"[['C', 1.3591010287200345, 0.423921, 6, 2.55, 12]]",277.851
14,"[['C', 1.33830136263281, 0.423921, 6, 2.55, 12]]",282.828
15,"[['C', 1.3425346706793235, 0.423921, 6, 2.55, 12]]",274.583
16,"[['C', 1.3437516591865644, 0.423921, 6, 2.55, 12]]",269.96
17,"[['C', 1.3482367944535003, 0.423921, 6, 2.55, 12]]",273.084
18,"[['C', 1.3389952061626316, 0.423921, 6, 2.55, 12]]",280.773
19,"[['N', 1.3626622406005242, -0.169663, 7, 3.04, 14]]",156.85
20,"[['C', 1.3402272842969953, 0.527815, 6, 2.55, 12]]",280.273
21,"[['C', 1.3551193001880777, 0.527815, 6, 2.55, 12]]",284.174
22,"[['C', 1.3393972679548711, 0.527815, 6, 2.55, 12]]",280.422
23,"[['C', 1.3517633289146227, 0.41744, 6, 2.55, 12]]",265.062
24,"[['C', 1.3490421669447137, 0.41744, 6, 2.55, 12]]",282.614
25,"[['C', 1.3527517540715437, 0.41744, 6, 2.55, 12]]",251.717
26,"[['C', 1.3588547484136715, 0.138853, 6, 2.55, 12], ['H', 1.852128805016682, 0.295409, 1, 2.2, 1]]",305.559
27,"[['C', 1.3483057945695154, 0.420079, 6, 2.55, 12]]",278.962
28,"[['C', 1.3488359687827483, 0.420079, 6, 2.55, 12]]",258.919
29,"[['C', 1.349134953398841, 0.420079, 6, 2.55, 12]]",258.531
30,"[['C', 1.3406027602015709, 0.135069, 6, 2.55, 12]]",285.333
31,"[['C', 1.3375172127553654, 0.157081, 6, 2.55, 12]]",301.167
32,"[['C', 1.3373079079123795, 0.141658, 6, 2.55, 12]]",287.239
33,"[['C', 1.34327722933256, 0.143354, 6, 2.55, 12]]",296.871
34,"[['C', 1.3302415233589566, 0.150918, 6, 2.55, 12]]",279.46
35,"[['C', 1.3518113388633806, 0.417487, 6, 2.55, 12]]",258.329
36,"[['C', 1.3486798948920904, 0.417487, 6, 2.55, 12]]",284.34
37,"[['C', 1.351664536945675, 0.417487, 6, 2.55, 12]]",254.739
38,"[['C', 1.3464068543511365, 0.141732, 6, 2.55, 12]]",313.398
39,"[['C', 1.348247858872788, 0.418819, 6, 2.55, 12]]",264.436
40,"[['C', 1.34922387198182, 0.418819, 6, 2.55, 12]]",264.052
41,"[['C', 1.3540871793762077, 0.418819, 6, 2.55, 12]]",278.381
42,"[['C', 1.3413820221147827, 0.125607, 6, 2.55, 12]]",286.927
43,"[['C', 1.358187494572307, 0.165437, 6, 2.55, 12]]",329.941
44,"[['C', 1.3512760842901936, 0.419438, 6, 2.55, 12]]",261.007
45,"[['C', 1.3477582696035157, 0.419438, 6, 2.55, 12]]",280.164
46,"[['C', 1.35155762920243, 0.419438, 6, 2.55, 12]]",261.806
47,"[['C', 1.349526079285082, 0.41744, 6, 2.55, 12]]",283.985
48,"[['C', 1.3514995644681707, 0.41744, 6, 2.55, 12]]",255.05
49,"[['C', 1.35187481123354, 0.41744, 6, 2.55, 12]]",258.894
50,"[['C', 1.3336177918208534, 0.153448, 6, 2.55, 12]]",297.377
51,"[['C', 1.3307363771763936, 0.0, 6, 2.55, 12]]",272.31
52,"[['C', 1.332641900008615, 0.0, 6, 2.55, 12]]",276.114
53,"[['C', 1.3365246891682179, 0.0, 6, 2.55, 12]]",275.003
54,"[['C', 1.3524454277372489, 0.417441, 6, 2.55, 12]]",275.625
55,"[['C', 1.3499743239584017, 0.417441, 6, 2.55, 12]]",273.338
56,"[['C', 1.3528554113685847, 0.417441, 6, 2.55, 12]]",250.046
57,"[['C', 1.3477769867387248, 0.12342, 6, 2.55, 12]]",295.618
58,"[['C', 1.3506007936800513, 0.123422, 6, 2.55, 12]]",298.705
59,"[['C', 1.3537018195617654, 0.417478, 6, 2.55, 12]]",271.717
60,"[['C', 1.3513990081392064, 0.417478, 6, 2.55, 12]]",278.659
61,"[['C', 1.3553160632394363, 0.417478, 6, 2.55, 12]]",250.786
62,"[['C', 1.349291786839867, 0.417422, 6, 2.55, 12]]",268.62
63,"[['C', 1.378802850194167, 0.417422, 6, 2.55, 12]]",243.181
64,"[['C', 1.3481748807802374, 0.417422, 6, 2.55, 12]]",277.13
65,"[['C', 1.353196446362899, 0.417479, 6, 2.55, 12]]",261.168
66,"[['C', 1.3536972558602796, 0.417479, 6, 2.55, 12]]",255.237
67,"[['C', 1.3499200533965148, 0.417479, 6, 2.55, 12]]",283.844
68,"[['C', 1.3427395252532324, 0.123441, 6, 2.55, 12]]",281.153
69,"[['C', 1.34127612844541, 0.124222, 6, 2.55, 12]]",279.68
70,"[['C', 1.3530345576983225, 0.417442, 6, 2.55, 12]]",258.589
71,"[['C', 1.3469618032706905, 0.417442, 6, 2.55, 12]]",284.337
72,"[['C', 1.3522927565742309, 0.417442, 6, 2.55, 12]]",255.088
73,"[['C', 1.3537018195617654, 0.417478, 6, 2.55, 12]]",271.717
74,"[['C', 1.3513990081392064, 0.417478, 6, 2.55, 12]]",278.659
75,"[['C', 1.3553160632394363, 0.417478, 6, 2.55, 12]]",250.786
76,"[['C', 1.3494469958481512, 0.420841, 6, 2.55, 12]]",262.413
77,"[['C', 1.3515212314714324, 0.420841, 6, 2.55, 12]]",277.571
78,"[['C', 1.3491798457101454, 0.420841, 6, 2.55, 12]]",262.801
79,"[['C', 1.342312860859887, 0.423921, 6, 2.55, 12]]",276.598
80,"[['C', 1.3426288754342486, 0.423921, 6, 2.55, 12]]",271.376
81,"[['C', 1.3531543706236995, 0.423921, 6, 2.55, 12]]",284.645
82,"[['C', 1.3522461565944328, 0.423921, 6, 2.55, 12]]",284.726
83,"[['C', 1.3423792295412118, 0.423921, 6, 2.55, 12]]",272.171
84,"[['C', 1.3429307153769037, 0.423921, 6, 2.55, 12]]",275.508
85,"[['C', 1.3368301817980306, 0.155321, 6, 2.55, 12]]",307.485
86,"[['C', 1.3386991955878638, 0.142394, 6, 2.55, 12]]",292.724
87,"[['C', 1.332589907154081, 0.140229, 6, 2.55, 12]]",284.79
88,"[['C', 1.3564947183963725, 0.158341, 6, 2.55, 12], ['H', 1.8322447444168541, 0.29541, 1, 2.2, 1]]",306.661
89,"[['C', 1.3520124620897185, 0.161172, 6, 2.55, 12]]",321.294
90,"[['C', 1.3528853782725925, 0.420124, 6, 2.55, 12]]",246.599
91,"[['C', 1.341449470764362, 0.420124, 6, 2.55, 12]]",276.035
92,"[['C', 1.3541670815364113, 0.420124, 6, 2.55, 12]]",262.792
93,"[['C', 1.341773414630382, 0.135158, 6, 2.55, 12]]",296.274
94,"[['C', 1.350584769057674, 0.0, 6, 2.55, 12]]",292.218
95,"[['C', 1.3633083529532624, 0.123445, 6, 2.55, 12]]",304.452
96,"[['C', 1.3485727696267062, 0.417524, 6, 2.55, 12]]",252.077
97,"[['C', 1.3484434135285868, 0.417524, 6, 2.55, 12]]",262.894
98,"[['C', 1.3471533272071023, 0.417524, 6, 2.55, 12]]",281.746
99,"[['C', 1.3580969634337097, 0.164588, 6, 2.55, 12]]",330.796
100,"[['C', 1.3376143650036978, 0.143778, 6, 2.55, 12]]",292.051
101,"[['C', 1.3503564155857237, 0.417465, 6, 2.55, 12]]",256.595
102,"[['C', 1.3472945340951967, 0.417465, 6, 2.55, 12]]",283.963
103,"[['C', 1.3503231088339709, 0.417465, 6, 2.55, 12]]",256.929
104,"[['C', 1.3516004393788943, 0.123661, 6, 2.55, 12]]",298.353
105,"[['C', 1.3376748657843667, 0.163422, 6, 2.55, 12]]",316.222
106,"[['C', 1.332447095434143, 0.193465, 6, 2.55, 12]]",335.937
107,"[['C', 1.33769987280127, 0.163422, 6, 2.55, 12]]",316.218
108,"[['C', 1.3482101318924138, 0.43599, 6, 2.55, 12]]",264.705
109,"[['C', 1.3522564406150837, 0.43599, 6, 2.55, 12]]",256.944
110,"[['C', 1.3543224671825649, 0.43599, 6, 2.55, 12]]",276.986
111,"[['C', 1.3537018195617654, 0.417478, 6, 2.55, 12]]",271.717
112,"[['C', 1.3513990081392064, 0.417478, 6, 2.55, 12]]",278.659
113,"[['C', 1.3553160632394363, 0.417478, 6, 2.55, 12]]",250.786
114,"[['C', 1.351831013534206, 0.123421, 6, 2.55, 12]]",300.06
115,"[['C', 1.3496235689272518, 0.123439, 6, 2.55, 12]]",296.626
116,"[['C', 1.3524719443360695, 0.417442, 6, 2.55, 12]]",261.009
117,"[['C', 1.3470440149465823, 0.417442, 6, 2.55, 12]]",283.77
118,"[['C', 1.3529305561253109, 0.417442, 6, 2.55, 12]]",253.606
119,"[['C', 1.3425167708424481, 0.123441, 6, 2.55, 12]]",281.255
120,"[['C', 1.3470468200188146, 0.12342, 6, 2.55, 12]]",294.966
121,"[['C', 1.3473689010673366, 0.123422, 6, 2.55, 12]]",293.943
122,"[['C', 1.350575694307056, 0.575248, 6, 2.55, 12]]",258.159
123,"[['C', 1.3492457591836389, 0.575248, 6, 2.55, 12]]",261.781
124,"[['C', 1.3334160703390805, 0.575248, 6, 2.55, 12]]",259.936
125,"[['C', 1.3320310884852111, 0.575247, 6, 2.55, 12]]",259.937
126,"[['C', 1.353085693420394, 0.575247, 6, 2.55, 12]]",251.367
127,"[['C', 1.3446438312709568, 0.575247, 6, 2.55, 12]]",264.353
128,"[['C', 1.3467575439788682, 0.129808, 6, 2.55, 12]]",293.882
129,"[['C', 1.3693894575006131, 0.129808, 6, 2.55, 12], ['H', 1.9275084515576086, 0.295061, 1, 2.2, 1]]",309.345
130,"[['B', 1.4408284194487433, 0.0, 5, 2.04, 11], ['H', 1.897536617375201, 0.0, 1, 2.2, 1]]",335.31
131,"[['B', 1.3676094700137527, 0.0, 5, 2.04, 11]]",351.972
132,"[['B', 1.4116660241177186, 0.0, 5, 2.04, 11]]",350.876
133,"[['B', 1.429464631901639, 0.0, 5, 2.04, 11]]",347.501
134,"[['C', 1.3490924844694268, 0.126239, 6, 2.55, 12]]",301.635
135,"[['C', 1.3581884156956618, 0.147207, 6, 2.55, 12]]",322.809
136,"[['C', 1.355064753773175, 0.123517, 6, 2.55, 12]]",313.725
137,"[['C', 1.339861094203861, 0.125607, 6, 2.55, 12]]",286.511
138,"[['C', 1.3503750174818983, 0.126864, 6, 2.55, 12]]",296.957
139,"[['C', 1.3538339535429003, 0.417423, 6, 2.55, 12]]",255.402
140,"[['C', 1.3538934682353485, 0.417423, 6, 2.55, 12]]",255.616
141,"[['C', 1.3501432196327479, 0.417423, 6, 2.55, 12]]",284.298
142,"[['C', 1.3464635583673117, 0.123427, 6, 2.55, 12]]",291.225
143,"[['C', 1.3482775939296834, 0.434278, 6, 2.55, 12]]",264.957
144,"[['C', 1.3535312621265445, 0.434278, 6, 2.55, 12]]",284.461
145,"[['C', 1.3476767153084406, 0.434278, 6, 2.55, 12]]",264.877
146,"[['C', 1.3482775939296834, 0.434278, 6, 2.55, 12]]",264.957
147,"[['C', 1.3535312621265445, 0.434278, 6, 2.55, 12]]",284.461
148,"[['C', 1.3476767153084406, 0.434278, 6, 2.55, 12]]",264.877
149,"[['C', 1.3424983564595383, 0.123442, 6, 2.55, 12]]",281.331
150,"[['C', 1.3521344612197892, 0.125142, 6, 2.55, 12]]",298.028
151,"[['C', 1.343116677211721, 0.123977, 6, 2.55, 12]]",288.038
152,"[['C', 1.3415597085274904, 0.418269, 6, 2.55, 12]]",251.633
153,"[['C', 1.3545852038625985, 0.418269, 6, 2.55, 12]]",274.545
154,"[['C', 1.3488237118598934, 0.418269, 6, 2.55, 12]]",263.365
155,"[['C', 1.3430862596795128, 0.135804, 6, 2.55, 12]]",292.691
156,"[['C', 1.3480256841558302, 0.420059, 6, 2.55, 12]]",259.553
157,"[['C', 1.3497647090772276, 0.420059, 6, 2.55, 12]]",278.878
158,"[['C', 1.3488780139275922, 0.420059, 6, 2.55, 12]]",257.905
159,"[['C', 1.33611063743693, 0.138554, 6, 2.55, 12]]",288.048
160,"[['C', 1.351774145516654, 0.417477, 6, 2.55, 12]]",249.941
161,"[['C', 1.3496741921128805, 0.417477, 6, 2.55, 12]]",272.551
162,"[['C', 1.3486239494124144, 0.417477, 6, 2.55, 12]]",276.545
163,"[['B', 1.4144175699970214, 0.0, 5, 2.04, 11]]",349.625
164,"[['B', 1.3736210042905392, 0.0, 5, 2.04, 11]]",351.706
165,"[['B', 1.4312424801640005, 0.0, 5, 2.04, 11], ['H', 1.8001710880862987, 0.0, 1, 2.2, 1]]",343.014
166,"[['B', 1.425462167470817, 0.0, 5, 2.04, 11]]",350.871
167,"[['C', 1.340699887268055, 0.152205, 6, 2.55, 12]]",298.236
168,"[['C', 1.3425357575610632, 0.152205, 6, 2.55, 12]]",301.007
169,"[['C', 1.3299867272648158, 0.540199, 6, 2.55, 12]]",273.046
170,"[['C', 1.3379837314974516, 0.540199, 6, 2.55, 12]]",272.528
171,"[['C', 1.3241206703999306, 0.540199, 6, 2.55, 12]]",268.321
172,"[['C', 1.325661529705211, 0.540199, 6, 2.55, 12]]",262.743
173,"[['C', 1.3259617472987186, 0.540199, 6, 2.55, 12]]",261.401
174,"[['C', 1.330071708242077, 0.540199, 6, 2.55, 12]]",265.633
175,"[['C', 1.3457823057035874, 0.123439, 6, 2.55, 12]]",288.796
176,"[['C', 1.3497661012248312, 0.123834, 6, 2.55, 12]]",295.401
177,"[['C', 1.374451251399674, 0.264498, 6, 2.55, 12], ['H', 1.9913364059419663, 0.107153, 1, 2.2, 1]]",307.95
178,"[['C', 1.365649793184278, 0.264498, 6, 2.55, 12], ['H', 1.993157034482603, 0.107153, 1, 2.2, 1]]",331.281
179,"[['C', 1.3523223912286997, 0.41743, 6, 2.55, 12]]",273.132
180,"[['C', 1.3510487011775099, 0.41743, 6, 2.55, 12]]",276.485
181,"[['C', 1.3551811935980382, 0.41743, 6, 2.55, 12]]",249.696
182,"[['C', 1.3487422673734715, 0.123532, 6, 2.55, 12]]",299.565
183,"[['C', 1.3465948290639227, 0.575247, 6, 2.55, 12]]",263.73
184,"[['C', 1.3298484995774402, 0.575247, 6, 2.55, 12]]",260.254
185,"[['C', 1.3490135557723533, 0.575247, 6, 2.55, 12]]",256.778
186,"[['C', 1.351831013534206, 0.123421, 6, 2.55, 12]]",300.06
187,"[['C', 1.3531665314639787, 0.123628, 6, 2.55, 12]]",310.607
188,"[['C', 1.3523065274600703, 0.41743, 6, 2.55, 12]]",260.202
189,"[['C', 1.3497404059578169, 0.41743, 6, 2.55, 12]]",284.676
190,"[['C', 1.353786333043742, 0.41743, 6, 2.55, 12]]",253.786
191,"[['C', 1.3463589045567765, 0.123441, 6, 2.55, 12]]",287.776
192,"[['C', 1.3547429329428253, 0.46963, 6, 2.55, 12]]",270.697
193,"[['C', 1.3284220472125028, 0.46963, 6, 2.55, 12]]",277.553
194,"[['C', 1.355138875961923, 0.46963, 6, 2.55, 12]]",267.936
195,"[['C', 1.3552018059556141, 0.417479, 6, 2.55, 12]]",250.932
196,"[['C', 1.3523979702548365, 0.417479, 6, 2.55, 12]]",279.759
197,"[['C', 1.3536269855815484, 0.417479, 6, 2.55, 12]]",269.826
198,"[['C', 1.3443845481550933, 0.164819, 6, 2.55, 12]]",316.791
199,"[['C', 1.3481551955171376, 0.131108, 6, 2.55, 12]]",298.651
200,"[['C', 1.3476357597027164, 0.418827, 6, 2.55, 12]]",264.276
201,"[['C', 1.351026088890656, 0.418827, 6, 2.55, 12]]",277.631
202,"[['C', 1.3476965123685982, 0.418827, 6, 2.55, 12]]",264.382
203,"[['C', 1.351690530749532, 0.418783, 6, 2.55, 12]]",246.263
204,"[['C', 1.3388764907291373, 0.418783, 6, 2.55, 12]]",282.363
205,"[['C', 1.3531860956943271, 0.418783, 6, 2.55, 12]]",250.403
206,"[['C', 1.3482775939296834, 0.434278, 6, 2.55, 12]]",264.957
207,"[['C', 1.3535312621265445, 0.434278, 6, 2.55, 12]]",284.461
208,"[['C', 1.3476767153084406, 0.434278, 6, 2.55, 12]]",264.877
209,"[['C', 1.3473225316665853, 0.418827, 6, 2.55, 12]]",265.218
210,"[['C', 1.3514975294550178, 0.418827, 6, 2.55, 12]]",277.593
211,"[['C', 1.3482878615542118, 0.418827, 6, 2.55, 12]]",263.738
212,"[['C', 1.33611063743693, 0.138554, 6, 2.55, 12]]",288.048
213,"[['C', 1.348131549357085, 0.166511, 6, 2.55, 12]]",320.175
214,"[['C', 1.3429757814379417, 0.123977, 6, 2.55, 12]]",288.044
215,"[['C', 1.3546071511567825, 0.418269, 6, 2.55, 12]]",274.853
216,"[['C', 1.3488634497264298, 0.418269, 6, 2.55, 12]]",263.393
217,"[['C', 1.3415191694065143, 0.418269, 6, 2.55, 12]]",251.352
218,"[['C', 1.3528446143415958, 0.417479, 6, 2.55, 12]]",269.858
219,"[['C', 1.3525857967812793, 0.417479, 6, 2.55, 12]]",279.257
220,"[['C', 1.3559770930649335, 0.417479, 6, 2.55, 12]]",251.4
221,"[['C', 1.3352093118033181, 0.555147, 6, 2.55, 12]]",279.058
222,"[['C', 1.3361899135825566, 0.555147, 6, 2.55, 12]]",274.706
223,"[['C', 1.3287628984668147, 0.555147, 6, 2.55, 12]]",273.238
224,"[['C', 1.342671030252651, 0.123515, 6, 2.55, 12]]",284.968
225,"[['C', 1.3601379705307661, 0.13745, 6, 2.55, 12], ['H', 1.8357095058616428, 0.295409, 1, 2.2, 1]]",303.802
226,"[['C', 1.3499503578192946, 0.123628, 6, 2.55, 12]]",305.552
227,"[['C', 1.3537018195617654, 0.417478, 6, 2.55, 12]]",271.717
228,"[['C', 1.3513990081392064, 0.417478, 6, 2.55, 12]]",278.659
229,"[['C', 1.3553160632394363, 0.417478, 6, 2.55, 12]]",250.786
230,"[['C', 1.3456284359043786, 0.123439, 6, 2.55, 12]]",288.68
231,"[['B', 1.3735287467400628, 0.0, 5, 2.04, 11]]",354.633
232,"[['B', 1.4272130625290025, 0.0, 5, 2.04, 11], ['H', 1.9011085692139291, 0.0, 1, 2.2, 1]]",341.306
233,"[['B', 1.4214654480771178, 0.0, 5, 2.04, 11]]",352.419
234,"[['B', 1.4235539309416883, 0.0, 5, 2.04, 11]]",352.968
235,"[['C', 1.340470077121512, 0.452843, 6, 2.55, 12]]",259.384
236,"[['C', 1.346664575549609, 0.452843, 6, 2.55, 12]]",276.377
237,"[['C', 1.3442735062367805, 0.452843, 6, 2.55, 12]]",255.181
238,"[['C', 1.3406223200518614, 0.124191, 6, 2.55, 12]]",282.429
239,"[['C', 1.3387526715899138, 0.203321, 6, 2.55, 12]]",352.212
240,"[['C', 1.3723742058881268, 0.262811, 6, 2.55, 12], ['H', 1.8958972822748243, 0.295063, 1, 2.2, 1]]",341.103
241,"[['C', 1.3434579061446588, 0.262811, 6, 2.55, 12]]",326.425
242,"[['P', 1.6770628479223855, 0.623462, 15, 2.19, 31]]",246.217
243,"[['P', 1.6124823282891612, 0.623462, 15, 2.19, 31]]",258.986
244,"[['P', 1.6376152078480242, 0.623462, 15, 2.19, 31]]",256.582
245,"[['P', 1.6394985580067116, 0.623462, 15, 2.19, 31]]",256.331
246,"[['P', 1.667904962362251, 0.623462, 15, 2.19, 31]]",254.918
247,"[['P', 1.6146000114613972, 0.623462, 15, 2.19, 31]]",256.231
248,"[['C', 1.3348501153061303, 0.140897, 6, 2.55, 12]]",283.62
249,"[['C', 1.3474864826514446, 0.123421, 6, 2.55, 12]]",295.066
250,"[['C', 1.3529520202977683, 0.41744, 6, 2.55, 12]]",262.012
251,"[['C', 1.3473742547527474, 0.41744, 6, 2.55, 12]]",283.698
252,"[['C', 1.353112172130355, 0.41744, 6, 2.55, 12]]",252.972
253,"[['C', 1.3396574234708651, 0.163294, 6, 2.55, 12]]",317.32
254,"[['C', 1.3367417149840681, 0.193462, 6, 2.55, 12]]",348.982
255,"[['C', 1.3395822138628792, 0.163294, 6, 2.55, 12]]",318.354
256,"[['C', 1.3543676996493708, 0.417421, 6, 2.55, 12]]",254.649
257,"[['C', 1.350533329413902, 0.417421, 6, 2.55, 12]]",284.447
258,"[['C', 1.3538830284926424, 0.417421, 6, 2.55, 12]]",258.583
259,"[['C', 1.354358161572644, 0.41743, 6, 2.55, 12]]",260.114
260,"[['C', 1.3550481544309156, 0.41743, 6, 2.55, 12]]",252.948
261,"[['C', 1.3511880170111734, 0.41743, 6, 2.55, 12]]",284.286
262,"[['C', 1.343390726754046, 0.419568, 6, 2.55, 12]]",264.465
263,"[['C', 1.3405381450120588, 0.419568, 6, 2.55, 12]]",253.321
264,"[['C', 1.3551754493876276, 0.419568, 6, 2.55, 12]]",270.462
265,"[['C', 1.361107286278472, 0.13747, 6, 2.55, 12], ['H', 1.8343073203389908, 0.295409, 1, 2.2, 1]]",304.71
266,"[['C', 1.3406862706515186, 0.137352, 6, 2.55, 12]]",295.993
267,"[['C', 1.3390216016497223, 0.142421, 6, 2.55, 12]]",300.012
268,"[['C', 1.3515736070908817, 0.575247, 6, 2.55, 12]]",256.44
269,"[['C', 1.347480481296429, 0.575247, 6, 2.55, 12]]",264.26
270,"[['C', 1.3296519095419266, 0.575247, 6, 2.55, 12]]",260.617
271,"[['C', 1.3527539836419122, 0.417534, 6, 2.55, 12]]",254.592
272,"[['C', 1.3468728427649153, 0.417534, 6, 2.55, 12]]",283.478
273,"[['C', 1.352919722805901, 0.417534, 6, 2.55, 12]]",259.445
274,"[['C', 1.3406862706515186, 0.137352, 6, 2.55, 12]]",295.993
275,"[['C', 1.351845851838886, 0.418296, 6, 2.55, 12]]",261.241
276,"[['C', 1.344663322488953, 0.418296, 6, 2.55, 12]]",280.276
277,"[['C', 1.3517256377441664, 0.418296, 6, 2.55, 12]]",260.78
278,"[['C', 1.3523110750774356, 0.41749, 6, 2.55, 12]]",270.926
279,"[['C', 1.353676790264044, 0.41749, 6, 2.55, 12]]",250.922
280,"[['C', 1.349565102273702, 0.41749, 6, 2.55, 12]]",278.97
281,"[['C', 1.352877312013283, 0.41749, 6, 2.55, 12]]",266.182
282,"[['C', 1.3488746282465607, 0.41749, 6, 2.55, 12]]",281.855
283,"[['C', 1.3539836142081583, 0.41749, 6, 2.55, 12]]",251.903
284,"[['C', 1.3368447301965711, 0.213221, 6, 2.55, 12]]",244.183
285,"[['C', 1.3565357877236788, 0.417422, 6, 2.55, 12]]",255.828
286,"[['C', 1.3571020689093038, 0.417422, 6, 2.55, 12]]",254.993
287,"[['C', 1.3523246456472917, 0.417422, 6, 2.55, 12]]",284.777
288,"[['C', 1.3444665683180166, 0.158652, 6, 2.55, 12]]",323.524
289,"[['C', 1.3442699285060093, 0.158411, 6, 2.55, 12]]",326.736
290,"[['B', 1.4541407452169137, 0.0, 5, 2.04, 11]]",336.39
291,"[['B', 1.4536412132641257, 0.0, 5, 2.04, 11]]",347.308
292,"[['B', 1.4535048531394725, 0.0, 5, 2.04, 11]]",344.083
293,"[['B', 1.4530739323929802, 0.0, 5, 2.04, 11]]",351.853
294,"[['C', 1.3465932009879225, 0.435941, 6, 2.55, 12]]",262.529
295,"[['C', 1.3494323821836796, 0.435941, 6, 2.55, 12]]",257.354
296,"[['C', 1.351955339760806, 0.435941, 6, 2.55, 12]]",276.635
297,"[['C', 1.3476653143383834, 0.417477, 6, 2.55, 12]]",277.937
298,"[['C', 1.3501135319094706, 0.417477, 6, 2.55, 12]]",269.861
299,"[['C', 1.3507491890956678, 0.417477, 6, 2.55, 12]]",250.064
300,"[['C', 1.3348501153061303, 0.140897, 6, 2.55, 12]]",283.62
301,"[['C', 1.3447406851825126, 0.123441, 6, 2.55, 12]]",285.48
302,"[['C', 1.352726589097482, 0.417442, 6, 2.55, 12]]",254.781
303,"[['C', 1.3486292145101986, 0.417442, 6, 2.55, 12]]",284.138
304,"[['C', 1.3527448428752553, 0.417442, 6, 2.55, 12]]",259.425
305,"[['C', 1.349610192824785, 0.417442, 6, 2.55, 12]]",279.16
306,"[['C', 1.3520101891275502, 0.417442, 6, 2.55, 12]]",270.19
307,"[['C', 1.352805808722618, 0.417442, 6, 2.55, 12]]",249.916
308,"[['C', 1.353002527409393, 0.423554, 6, 2.55, 12]]",276.992
309,"[['C', 1.3435597481392538, 0.423554, 6, 2.55, 12]]",275.208
310,"[['C', 1.3426451257426106, 0.423554, 6, 2.55, 12]]",275.876
311,"[['C', 1.3729145986576734, 0.352696, 6, 2.55, 12]]",310.115
312,"[['C', 1.3569446654134916, 0.352696, 6, 2.55, 12]]",302.505
313,"[['C', 1.329230569071724, 0.540199, 6, 2.55, 12]]",267.119
314,"[['C', 1.325632134601568, 0.540199, 6, 2.55, 12]]",262.206
315,"[['C', 1.3270027811703426, 0.540199, 6, 2.55, 12]]",262.811
316,"[['C', 1.337898963049551, 0.540199, 6, 2.55, 12]]",270.742
317,"[['C', 1.329920287604689, 0.540199, 6, 2.55, 12]]",272.287
318,"[['C', 1.324937551137536, 0.540199, 6, 2.55, 12]]",269.091
319,"[['C', 1.338514186561727, 0.124315, 6, 2.55, 12]]",278.046
320,"[['C', 1.3495417462329395, 0.127036, 6, 2.55, 12]]",300.243
321,"[['C', 1.3633636494252814, 0.164726, 6, 2.55, 12]]",348.515
322,"[['C', 1.3526975421439074, 0.455408, 6, 2.55, 12]]",264.971
323,"[['C', 1.3323689213006182, 0.455408, 6, 2.55, 12]]",284.771
324,"[['C', 1.3528062308155588, 0.455408, 6, 2.55, 12]]",265.03
325,"[['C', 1.3387526715899138, 0.203321, 6, 2.55, 12]]",352.212
326,"[['C', 1.34719866319135, 0.124197, 6, 2.55, 12]]",298.386
327,"[['C', 1.3505366048443679, 0.434233, 6, 2.55, 12]]",284.1
328,"[['C', 1.3461867268689465, 0.434233, 6, 2.55, 12]]",261.743
329,"[['C', 1.3452601193796514, 0.434233, 6, 2.55, 12]]",263.931
330,"[['C', 1.3460669385921027, 0.123443, 6, 2.55, 12]]",290.151
331,"[['P', 1.6784673023337031, 0.623462, 15, 2.19, 31]]",248.469
332,"[['P', 1.6582297445350052, 0.623462, 15, 2.19, 31]]",252.612
333,"[['P', 1.6127987913632902, 0.623462, 15, 2.19, 31]]",260.028
334,"[['P', 1.6186375107155675, 0.623462, 15, 2.19, 31]]",256.865
335,"[['P', 1.6211854375184023, 0.623462, 15, 2.19, 31]]",258.477
336,"[['P', 1.6525799868761994, 0.623462, 15, 2.19, 31]]",252.88
337,"[['C', 1.362219206779663, 0.0, 6, 2.55, 12]]",267.967
338,"[['C', 1.3628295502514323, 0.0, 6, 2.55, 12]]",267.381
339,"[['C', 1.3620424064379317, 0.0, 6, 2.55, 12]]",268.027
340,"[['C', 1.8754303312894125, -0.0530569, 6, 2.55, 12], ['C', 1.8290229970513987, 0.0, 6, 2.55, 12], ['H', 1.7748632109892732, 0.0265285, 1, 2.2, 1], ['H', 1.4887004823743586, 0.1454, 1, 2.2, 1]]",642.825
341,"[['C', 1.341611771936451, 0.158664, 6, 2.55, 12]]",319.119
342,"[['C', 1.3415493913981282, 0.158412, 6, 2.55, 12]]",322.176
343,"[['C', 1.3568686471997957, 0.433681, 6, 2.55, 12]]",256.377
344,"[['C', 1.3569549437761035, 0.433681, 6, 2.55, 12]]",256.701
345,"[['C', 1.3436446091800582, 0.433681, 6, 2.55, 12]]",280.441
346,"[['C', 1.3529540903605997, 0.417421, 6, 2.55, 12]]",250.152
347,"[['C', 1.3505290920955746, 0.417421, 6, 2.55, 12]]",278.444
348,"[['C', 1.352973954955912, 0.417421, 6, 2.55, 12]]",269.824
349,"[['C', 1.3479145884232708, 0.417489, 6, 2.55, 12]]",273.768
350,"[['C', 1.3490739647324927, 0.417489, 6, 2.55, 12]]",249.848
351,"[['C', 1.3483663892149567, 0.417489, 6, 2.55, 12]]",273.199
352,"[['C', 1.3493284506156003, 0.417489, 6, 2.55, 12]]",249.087
353,"[['C', 1.3477590755433284, 0.417489, 6, 2.55, 12]]",276.574
354,"[['C', 1.3479475896502864, 0.417489, 6, 2.55, 12]]",271.287
355,"[['C', 1.3535893855498533, 0.41769, 6, 2.55, 12]]",250.633
356,"[['C', 1.3507404022060483, 0.41769, 6, 2.55, 12]]",277.766
357,"[['C', 1.3535172190910099, 0.41769, 6, 2.55, 12]]",251.654
358,"[['C', 1.3525191804729635, 0.417488, 6, 2.55, 12]]",251.103
359,"[['C', 1.3513602549472814, 0.417488, 6, 2.55, 12]]",264.274
360,"[['C', 1.349711968063665, 0.417488, 6, 2.55, 12]]",281.405
361,"[['C', 1.3417117391428253, 0.149401, 6, 2.55, 12]]",299.191
362,"[['C', 1.3377344584304547, 0.201805, 6, 2.55, 12]]",340.432
363,"[['C', 1.3416569327801167, 0.162856, 6, 2.55, 12]]",324.953
364,"[['C', 1.3406862706515186, 0.137352, 6, 2.55, 12]]",295.993
365,"[['C', 1.3612598988809317, 0.13747, 6, 2.55, 12], ['H', 1.833071920752463, 0.295409, 1, 2.2, 1]]",304.698
366,"[['C', 1.361103523515373, 0.13747, 6, 2.55, 12], ['H', 1.8334001768757022, 0.295409, 1, 2.2, 1]]",304.801
367,"[['C', 1.3538607712126653, 0.41744, 6, 2.55, 12]]",269.735
368,"[['C', 1.3543260814693725, 0.41744, 6, 2.55, 12]]",250.434
369,"[['C', 1.3489019663997313, 0.41744, 6, 2.55, 12]]",278.867
370,"[['C', 1.3503445778024175, 0.417444, 6, 2.55, 12]]",254.728
371,"[['C', 1.350342700739356, 0.417444, 6, 2.55, 12]]",257.12
372,"[['C', 1.350671312492265, 0.417444, 6, 2.55, 12]]",283.578
373,"[['C', 1.364542277419531, 0.13736, 6, 2.55, 12], ['H', 1.8240650341256661, 0.295409, 1, 2.2, 1]]",310.065
374,"[['C', 1.3535893855498533, 0.41769, 6, 2.55, 12]]",250.633
375,"[['C', 1.3507404022060483, 0.41769, 6, 2.55, 12]]",277.766
376,"[['C', 1.3535172190910099, 0.41769, 6, 2.55, 12]]",251.654
377,"[['C', 1.351438903845066, 0.417421, 6, 2.55, 12]]",257.931
378,"[['C', 1.3493359197916934, 0.417421, 6, 2.55, 12]]",284.527
379,"[['C', 1.3536336278396688, 0.417421, 6, 2.55, 12]]",255.418
380,"[['C', 1.3603778215628186, 0.417489, 6, 2.55, 12]]",247.101
381,"[['C', 1.360938489058194, 0.417489, 6, 2.55, 12]]",247.002
382,"[['C', 1.3612351678163477, 0.417489, 6, 2.55, 12]]",273.888
383,"[['C', 1.3603615725607656, 0.417489, 6, 2.55, 12]]",247.07
384,"[['C', 1.3612524321741357, 0.417489, 6, 2.55, 12]]",273.898
385,"[['C', 1.3609502711341073, 0.417489, 6, 2.55, 12]]",246.941
386,"[['C', 1.3418202481357457, 0.158664, 6, 2.55, 12]]",319.121
387,"[['C', 1.3416133864187427, 0.158412, 6, 2.55, 12]]",322.174
388,"[['C', 1.348442303276725, 0.434791, 6, 2.55, 12]]",263.018
389,"[['C', 1.3491334168884577, 0.434791, 6, 2.55, 12]]",262.976
390,"[['C', 1.3524503323736545, 0.434791, 6, 2.55, 12]]",280.532
391,"[['C', 1.3544164762088362, 0.126604, 6, 2.55, 12]]",301.794
392,"[['C', 1.349740942435067, 0.12342, 6, 2.55, 12]]",298.397
393,"[['C', 1.3491981324876121, 0.417477, 6, 2.55, 12]]",283.105
394,"[['C', 1.351636610011325, 0.417477, 6, 2.55, 12]]",253.308
395,"[['C', 1.3501445108494148, 0.417477, 6, 2.55, 12]]",260.502
396,"[['C', 1.3525793880663368, 0.0, 6, 2.55, 12]]",309.333
397,"[['C', 1.3496675665913718, 0.417488, 6, 2.55, 12]]",256.818
398,"[['C', 1.3491660583823386, 0.417488, 6, 2.55, 12]]",255.658
399,"[['C', 1.3466673939332612, 0.417488, 6, 2.55, 12]]",284.089
400,"[['C', 1.3731684126855177, 0.352696, 6, 2.55, 12]]",309.569
401,"[['C', 1.3564559470961495, 0.352696, 6, 2.55, 12]]",301.494
402,"[['C', 1.3387526715899138, 0.203321, 6, 2.55, 12]]",352.212
403,"[['C', 1.3525995473566108, 0.124097, 6, 2.55, 12]]",306.387
404,"[['C', 1.3339729296730956, 0.175952, 6, 2.55, 12]]",316.337
405,"[['C', 1.3387151096906627, 0.200285, 6, 2.55, 12]]",344.157
406,"[['C', 1.3506060548876262, 0.420768, 6, 2.55, 12]]",262.11
407,"[['C', 1.3546388341144489, 0.420768, 6, 2.55, 12]]",279.304
408,"[['C', 1.3507872928712583, 0.420768, 6, 2.55, 12]]",262.312
409,"[['C', 1.33840850776169, 0.124315, 6, 2.55, 12]]",278.142
410,"[['C', 1.345415997568195, 0.126882, 6, 2.55, 12]]",288.068
411,"[['C', 1.352155013973152, 0.42077, 6, 2.55, 12]]",247.745
412,"[['C', 1.3437571915894757, 0.42077, 6, 2.55, 12]]",272.538
413,"[['C', 1.3764195113911695, 0.42077, 6, 2.55, 12], ['H', 1.9293688392281754, 0.292151, 1, 2.2, 1]]",265.499
414,"[['C', 1.3645045002047653, 0.455471, 6, 2.55, 12]]",263.793
415,"[['C', 1.328748388364948, 0.455471, 6, 2.55, 12]]",282.583
416,"[['C', 1.3488828847468892, 0.455471, 6, 2.55, 12]]",264.461
417,"[['C', 1.353261540034709, 0.417421, 6, 2.55, 12]]",252.227
418,"[['C', 1.353021411435307, 0.417421, 6, 2.55, 12]]",262.186
419,"[['C', 1.3490989270658604, 0.417421, 6, 2.55, 12]]",283.237
420,"[['C', 1.3502223456372642, 0.417422, 6, 2.55, 12]]",274.887
421,"[['C', 1.3528834124832267, 0.417422, 6, 2.55, 12]]",249.027
422,"[['C', 1.3500750371850734, 0.417422, 6, 2.55, 12]]",275.359
423,"[['C', 1.3553212175590508, 0.0, 6, 2.55, 12]]",257.648
424,"[['C', 1.3500355562628454, 0.0, 6, 2.55, 12]]",285.476
425,"[['C', 1.3551387887360622, 0.0, 6, 2.55, 12]]",255.356
426,"[['C', 1.3536816361097912, 0.417442, 6, 2.55, 12]]",250.41
427,"[['C', 1.351300575350293, 0.417442, 6, 2.55, 12]]",277.872
428,"[['C', 1.3503636638586076, 0.417442, 6, 2.55, 12]]",271.204
429,"[['C', 1.35179033978021, 0.417442, 6, 2.55, 12]]",266.771
430,"[['C', 1.3509250165444264, 0.417442, 6, 2.55, 12]]",281.757
431,"[['C', 1.3530769679759167, 0.417442, 6, 2.55, 12]]",250.644
432,"[['C', 1.3537540620511472, 0.417421, 6, 2.55, 12]]",250.036
433,"[['C', 1.3512039631209956, 0.417421, 6, 2.55, 12]]",271.221
434,"[['C', 1.3515132762348183, 0.417421, 6, 2.55, 12]]",278.173
435,"[['C', 1.3624691672142262, 0.389264, 6, 2.55, 12]]",275.269
436,"[['C', 1.3417197403944352, 0.389264, 6, 2.55, 12]]",286.208
437,"[['C', 1.3520146245275753, 0.417488, 6, 2.55, 12]]",259.019
438,"[['C', 1.3524183283978017, 0.417488, 6, 2.55, 12]]",253.126
439,"[['C', 1.349056396078356, 0.417488, 6, 2.55, 12]]",283.727
440,"[['C', 1.3416022340555556, 0.149401, 6, 2.55, 12]]",299.328
441,"[['C', 1.3532903589511744, 0.417442, 6, 2.55, 12]]",258.571
442,"[['C', 1.3468170720238493, 0.417442, 6, 2.55, 12]]",284.513
443,"[['C', 1.3525168458032935, 0.417442, 6, 2.55, 12]]",254.792
444,"[['C', 1.35543227679199, 0.419283, 6, 2.55, 12]]",265.49
445,"[['C', 1.3392112916844259, 0.419283, 6, 2.55, 12]]",251.378
446,"[['C', 1.353159990566466, 0.419283, 6, 2.55, 12]]",272.674
447,"[['C', 1.3622721522943333, 0.137886, 6, 2.55, 12], ['H', 1.9515603081439283, 0.295409, 1, 2.2, 1]]",303.649
448,"[['C', 1.3412129187773292, 0.418272, 6, 2.55, 12]]",251.767
449,"[['C', 1.3578804289860311, 0.418272, 6, 2.55, 12]]",270.206
450,"[['C', 1.3454579235193183, 0.418272, 6, 2.55, 12]]",264.207
451,"[['C', 1.3486647963427927, 0.129077, 6, 2.55, 12]]",293.939
452,"[['C', 1.370107007677335, 0.128464, 6, 2.55, 12], ['H', 1.9371677658065332, 0.295061, 1, 2.2, 1]]",307.341
453,"[['C', 1.4236155000429476, 0.152582, 6, 2.55, 12]]",355.243
454,"[['C', 1.3389687423872105, 0.213696, 6, 2.55, 12]]",249.349
455,"[['C', 1.3453687051248606, 0.434307, 6, 2.55, 12]]",263.848
456,"[['C', 1.352936051001391, 0.434307, 6, 2.55, 12]]",283.671
457,"[['C', 1.3457583940294375, 0.434307, 6, 2.55, 12]]",263.426
458,"[['C', 1.3714507909944809, 0.137565, 6, 2.55, 12], ['H', 1.8085292279355292, 0.295409, 1, 2.2, 1]]",325.995
459,"[['C', 1.3507218332020856, 0.417486, 6, 2.55, 12]]",276.154
460,"[['C', 1.3509581805464714, 0.417486, 6, 2.55, 12]]",273.418
461,"[['C', 1.353030094715281, 0.417486, 6, 2.55, 12]]",250.587
462,"[['C', 1.3516071272367303, 0.417498, 6, 2.55, 12]]",250.376
463,"[['C', 1.3513314931097602, 0.417498, 6, 2.55, 12]]",267.428
464,"[['C', 1.3479490834266563, 0.417498, 6, 2.55, 12]]",280.706
465,"[['C', 1.3511027476041895, 0.417498, 6, 2.55, 12]]",260.872
466,"[['C', 1.3478941683011156, 0.417498, 6, 2.55, 12]]",283.656
467,"[['C', 1.3512988895189535, 0.417498, 6, 2.55, 12]]",253.563
468,"[['C', 1.3532645521880684, 0.417421, 6, 2.55, 12]]",250.637
469,"[['C', 1.3527891720234761, 0.417421, 6, 2.55, 12]]",268.173
470,"[['C', 1.3499451381260898, 0.417421, 6, 2.55, 12]]",280.065
471,"[['C', 1.3491888094789553, 0.417422, 6, 2.55, 12]]",270.772
472,"[['C', 1.35065553242069, 0.417422, 6, 2.55, 12]]",250.336
473,"[['C', 1.3486169782455595, 0.417422, 6, 2.55, 12]]",277.221
474,"[['C', 1.3500466869332448, 0.0, 6, 2.55, 12]]",285.534
475,"[['C', 1.3550925159058915, 0.0, 6, 2.55, 12]]",256.089
476,"[['C', 1.3552468473006742, 0.0, 6, 2.55, 12]]",256.89
477,"[['C', 1.3513958409772644, 0.417421, 6, 2.55, 12]]",279.442
478,"[['C', 1.3532539273895394, 0.417421, 6, 2.55, 12]]",250.112
479,"[['C', 1.3511326260736003, 0.417421, 6, 2.55, 12]]",269.472
480,"[['C', 1.3477746987203922, 0.490953, 6, 2.55, 12]]",272.412
481,"[['C', 1.3439400960493288, 0.490953, 6, 2.55, 12]]",275.376
482,"[['C', 1.3366559790909547, 0.490953, 6, 2.55, 12]]",282.109
483,"[['C', 1.353640968840695, 0.144459, 6, 2.55, 12]]",315.719
484,"[['C', 1.348713322707586, 0.12441, 6, 2.55, 12]]",305.671
485,"[['C', 1.3558212089720532, 0.417481, 6, 2.55, 12]]",249.738
486,"[['C', 1.35464335970372, 0.417481, 6, 2.55, 12]]",275.898
487,"[['C', 1.354012185972791, 0.417481, 6, 2.55, 12]]",272.6
488,"[['C', 1.348775210549187, 0.171293, 6, 2.55, 12]]",346.128
489,"[['C', 1.3523300891700702, 0.124097, 6, 2.55, 12]]",306.504
490,"[['C', 1.3451295901911775, 0.158667, 6, 2.55, 12]]",325.519
491,"[['C', 1.3542201961444642, 0.161602, 6, 2.55, 12]]",334.512
492,"[['C', 1.3524340038147757, 0.124089, 6, 2.55, 12]]",306.831
493,"[['C', 1.3390744683631746, 0.432304, 6, 2.55, 12]]",283.354
494,"[['C', 1.3515014561648047, 0.432304, 6, 2.55, 12]]",270.83
495,"[['C', 1.3483437562747431, 0.432304, 6, 2.55, 12]]",258.788
496,"[['C', 1.3573277918968703, 0.401934, 6, 2.55, 12]]",280.954
497,"[['C', 1.3443724916615338, 0.401934, 6, 2.55, 12]]",278.265
498,"[['C', 1.351218881330527, 0.401934, 6, 2.55, 12]]",273.817
499,"[['C', 1.3526747449369105, 0.217652, 6, 2.55, 12], ['H', 1.8609194256175776, 0.295457, 1, 2.2, 1]]",356.742
500,"[['C', 1.3269857313296782, 0.156208, 6, 2.55, 12]]",283.47
501,"[['C', 1.3579228911259515, 0.140192, 6, 2.55, 12], ['H', 1.8503266659217348, 0.295409, 1, 2.2, 1]]",300.046
502,"[['C', 1.3455134885270739, 0.423609, 6, 2.55, 12]]",275.637
503,"[['C', 1.3449817306466099, 0.423609, 6, 2.55, 12]]",275.694
504,"[['C', 1.3512719012576127, 0.423609, 6, 2.55, 12]]",276.906
505,"[['C', 1.349263432962968, 0.123691, 6, 2.55, 12]]",293.53
506,"[['C', 1.352058123679055, 0.417421, 6, 2.55, 12]]",263.101
507,"[['C', 1.3492281528390793, 0.417421, 6, 2.55, 12]]",284.302
508,"[['C', 1.3545125432513836, 0.417421, 6, 2.55, 12]]",250.84
509,"[['C', 1.3532930886387353, 0.417442, 6, 2.55, 12]]",250.13
510,"[['C', 1.3518972378973353, 0.417442, 6, 2.55, 12]]",273.952
511,"[['C', 1.3500471815814254, 0.417442, 6, 2.55, 12]]",274.926
512,"[['C', 1.3531265613995536, 0.417442, 6, 2.55, 12]]",255.55
513,"[['C', 1.350012197053041, 0.417442, 6, 2.55, 12]]",285.264
514,"[['C', 1.3523355149643825, 0.417442, 6, 2.55, 12]]",256.807
515,"[['C', 1.3505496603532867, 0.417486, 6, 2.55, 12]]",276.498
516,"[['C', 1.350999579726267, 0.417486, 6, 2.55, 12]]",273.962
517,"[['C', 1.3523463261830113, 0.417486, 6, 2.55, 12]]",249.64
518,"[['C', 1.3540411302301898, 0.417421, 6, 2.55, 12]]",264.732
519,"[['C', 1.3517998604934536, 0.417421, 6, 2.55, 12]]",281.328
520,"[['C', 1.3544156766222955, 0.417421, 6, 2.55, 12]]",252.253
521,"[['C', 1.3503667363127219, 0.417555, 6, 2.55, 12]]",256.225
522,"[['C', 1.350671399888801, 0.417555, 6, 2.55, 12]]",284.876
523,"[['C', 1.3514795462109874, 0.417555, 6, 2.55, 12]]",257.587
524,"[['C', 1.3444216943391325, 0.213423, 6, 2.55, 12]]",252.462
525,"[['C', 1.346225581056291, 0.150249, 6, 2.55, 12]]",314.197
526,"[['C', 1.3479666901364227, 0.136138, 6, 2.55, 12]]",300.12
527,"[['C', 1.3529808479997352, 0.41744, 6, 2.55, 12]]",261.614
528,"[['C', 1.3473664923250697, 0.41744, 6, 2.55, 12]]",283.884
529,"[['C', 1.3531143176892781, 0.41744, 6, 2.55, 12]]",253.152
530,"[['C', 1.336599199288426, 0.135061, 6, 2.55, 12]]",284.621
531,"[['C', 1.354757396330247, 0.417534, 6, 2.55, 12]]",256.446
532,"[['C', 1.3546516821347017, 0.417534, 6, 2.55, 12]]",257.184
533,"[['C', 1.3490103813607308, 0.417534, 6, 2.55, 12]]",284.668
534,"[['C', 1.3413855677962476, 0.213199, 6, 2.55, 12]]",252.154
535,"[['C', 1.3433780654525085, 0.216266, 6, 2.55, 12]]",255.333
536,"[['S', 1.627506512125831, 0.121796, 16, 2.58, 32]]",124.852
537,"[['C', 1.3525372497278154, 0.4176, 6, 2.55, 12]]",257.244
538,"[['C', 1.3523348841136702, 0.4176, 6, 2.55, 12]]",256.606
539,"[['C', 1.3457810472981717, 0.4176, 6, 2.55, 12]]",284.087
540,"[['C', 1.353495032488518, 0.41743, 6, 2.55, 12]]",271.532
541,"[['C', 1.3507150365810925, 0.41743, 6, 2.55, 12]]",277.954
542,"[['C', 1.3556994284032178, 0.41743, 6, 2.55, 12]]",250.016
543,"[['C', 1.3526870614141433, 0.417421, 6, 2.55, 12]]",250.634
544,"[['C', 1.351039581661535, 0.417421, 6, 2.55, 12]]",273.562
545,"[['C', 1.3516564327240326, 0.417421, 6, 2.55, 12]]",274.557
546,"[['C', 1.351154742586268, 0.417421, 6, 2.55, 12]]",267.522
547,"[['C', 1.350650722931608, 0.417421, 6, 2.55, 12]]",280.803
548,"[['C', 1.353922221108761, 0.417421, 6, 2.55, 12]]",250.391
549,"[['C', 1.3509489832513863, 0.417453, 6, 2.55, 12]]",251.154
550,"[['C', 1.348831903578617, 0.417453, 6, 2.55, 12]]",281.445
551,"[['C', 1.3486292086907679, 0.417453, 6, 2.55, 12]]",266.126
552,"[['C', 1.3509598964092246, 0.417453, 6, 2.55, 12]]",252.056
553,"[['C', 1.3500549371990633, 0.417453, 6, 2.55, 12]]",284.214
554,"[['C', 1.3492127111937633, 0.417453, 6, 2.55, 12]]",261.8
555,"[['C', 1.3531848890267522, 0.41743, 6, 2.55, 12]]",251.644
556,"[['C', 1.3490252043266862, 0.41743, 6, 2.55, 12]]",282.287
557,"[['C', 1.3542759647791245, 0.41743, 6, 2.55, 12]]",264.251
558,"[['C', 1.3473807081988196, 0.434374, 6, 2.55, 12]]",266.445
559,"[['C', 1.3514256715890922, 0.434374, 6, 2.55, 12]]",284.754
560,"[['C', 1.3456151849075006, 0.434374, 6, 2.55, 12]]",267.9
561,"[['C', 1.3487307633156664, 0.123661, 6, 2.55, 12]]",294.517
562,"[['C', 1.3417267935123993, 0.434406, 6, 2.55, 12]]",264.97
563,"[['C', 1.3419135796524164, 0.434406, 6, 2.55, 12]]",264.504
564,"[['C', 1.349957152976599, 0.434406, 6, 2.55, 12]]",284.446
565,"[['C', 1.3431943096288972, 0.412496, 6, 2.55, 12]]",279.85
566,"[['C', 1.3585154259948187, 0.412496, 6, 2.55, 12]]",284.595
567,"[['C', 1.3491969717482921, 0.412496, 6, 2.55, 12]]",280.399
568,"[['C', 1.3490148731984866, 0.124195, 6, 2.55, 12]]",304.673
569,"[['C', 1.3604263972675916, 0.178998, 6, 2.55, 12]]",383.38
570,"[['C', 1.3394200611631073, 0.432304, 6, 2.55, 12]]",280.901
571,"[['C', 1.3526303117673644, 0.432304, 6, 2.55, 12]]",275.021
572,"[['C', 1.3474617849797, 0.432304, 6, 2.55, 12]]",256.409
573,"[['C', 1.342871426713433, 0.159086, 6, 2.55, 12]]",323.433
574,"[['C', 1.344277494134574, 0.168539, 6, 2.55, 12]]",337.353
575,"[['C', 1.345779920706233, 0.589144, 6, 2.55, 12]]",249.992
576,"[['C', 1.3454658929423813, 0.589144, 6, 2.55, 12]]",250.017
577,"[['C', 1.3433047332384225, 0.124205, 6, 2.55, 12]]",289.24
578,"[['C', 1.3425283017739211, 0.418185, 6, 2.55, 12]]",250.553
579,"[['C', 1.3547684560011137, 0.418185, 6, 2.55, 12]]",274.66
580,"[['C', 1.3505966437846515, 0.418185, 6, 2.55, 12]]",261.706
581,"[['C', 1.3270132788135827, 0.156208, 6, 2.55, 12]]",283.322
582,"[['C', 1.3580874563816436, 0.140192, 6, 2.55, 12], ['H', 1.8488369321530072, 0.295409, 1, 2.2, 1]]",300.035
583,"[['C', 1.347807825620027, 0.435734, 6, 2.55, 12]]",263.221
584,"[['C', 1.3464862535948405, 0.435734, 6, 2.55, 12]]",264.445
585,"[['C', 1.351826347026054, 0.435734, 6, 2.55, 12]]",285.141
586,"[['C', 1.3523773573738143, 0.418296, 6, 2.55, 12]]",261.51
587,"[['C', 1.3523740829280422, 0.418296, 6, 2.55, 12]]",260.899
588,"[['C', 1.3451469631661368, 0.418296, 6, 2.55, 12]]",280.33
589,"[['C', 1.3444954848503274, 0.168116, 6, 2.55, 12]]",318.866
590,"[['C', 1.3597302458577862, 0.168116, 6, 2.55, 12]]",338.972
591,"[['C', 1.3495430994337203, 0.43593, 6, 2.55, 12]]",259.557
592,"[['C', 1.3537988748286387, 0.43593, 6, 2.55, 12]]",277.459
593,"[['C', 1.3495709365298416, 0.43593, 6, 2.55, 12]]",259.701
594,"[['C', 1.330407704422082, 0.177134, 6, 2.55, 12]]",322.397
595,"[['C', 1.3492062990632605, 0.182685, 6, 2.55, 12]]",356.058
596,"[['C', 1.349417928841779, 0.182685, 6, 2.55, 12]]",360.24
597,"[['C', 1.3602467825825777, 0.177134, 6, 2.55, 12], ['H', 1.8007885158917398, 0.29541, 1, 2.2, 1]]",344.682
598,"[['C', 1.344417104847766, 0.138139, 6, 2.55, 12]]",288.508
599,"[['C', 1.3341424013681193, 0.575247, 6, 2.55, 12]]",260.502
600,"[['C', 1.3523259158785645, 0.575247, 6, 2.55, 12]]",256.821
601,"[['C', 1.3490239878717176, 0.575247, 6, 2.55, 12]]",263.818
602,"[['C', 1.3326674791068858, 0.455408, 6, 2.55, 12]]",284.681
603,"[['C', 1.352811288666458, 0.455408, 6, 2.55, 12]]",265.115
604,"[['C', 1.352635856632368, 0.455408, 6, 2.55, 12]]",265.227
605,"[['C', 1.3423382062167262, 0.418183, 6, 2.55, 12]]",251.692
606,"[['C', 1.354923166885993, 0.418183, 6, 2.55, 12]]",275.741
607,"[['C', 1.3513146785497667, 0.418183, 6, 2.55, 12]]",261.446
608,"[['C', 1.3601012859319268, 0.147369, 6, 2.55, 12]]",326.665
609,"[['C', 1.3643664382747307, 0.13876, 6, 2.55, 12], ['H', 1.8804556746038874, 0.29541, 1, 2.2, 1]]",303.517
610,"[['C', 1.3534853208596944, 0.130505, 6, 2.55, 12]]",297.1
611,"[['C', 1.3384394483855415, 0.133563, 6, 2.55, 12]]",292.238
612,"[['C', 1.3694287463418946, 0.137336, 6, 2.55, 12], ['H', 1.8128743640110394, 0.295409, 1, 2.2, 1]]",313.749
613,"[['C', 1.331853636789483, 0.227265, 6, 2.55, 12]]",245.272
614,"[['C', 1.3412681308379943, 0.138777, 6, 2.55, 12]]",290.568
615,"[['C', 1.3514395443992506, 0.417508, 6, 2.55, 12]]",256.395
616,"[['C', 1.3510559270077618, 0.417508, 6, 2.55, 12]]",256.334
617,"[['C', 1.346827341860091, 0.417508, 6, 2.55, 12]]",283.896
618,"[['C', 1.3658571387986673, 0.137868, 6, 2.55, 12], ['H', 1.8236916361475692, 0.295409, 1, 2.2, 1]]",312.431
619,"[['C', 1.342845476889474, 0.418183, 6, 2.55, 12]]",251.082
620,"[['C', 1.3557038944378266, 0.418183, 6, 2.55, 12]]",274.782
621,"[['C', 1.3501695960569553, 0.418183, 6, 2.55, 12]]",263.209
622,"[['C', 1.3435455883687073, 0.126784, 6, 2.55, 12]]",290.03
623,"[['C', 1.344182833907203, 0.126784, 6, 2.55, 12]]",291.052
624,"[['C', 1.329739864734815, 0.575247, 6, 2.55, 12]]",260.512
625,"[['C', 1.3456185845073405, 0.575247, 6, 2.55, 12]]",260.418
626,"[['C', 1.3463240723089827, 0.575247, 6, 2.55, 12]]",260.663
627,"[['C', 1.3485963700061752, 0.418664, 6, 2.55, 12]]",260.421
628,"[['C', 1.347940637148489, 0.418664, 6, 2.55, 12]]",261.012
629,"[['C', 1.3520652380512483, 0.418664, 6, 2.55, 12]]",282.263
630,"[['C', 1.3474517194360078, 0.123673, 6, 2.55, 12]]",292.538
631,"[['C', 1.354757396330247, 0.417534, 6, 2.55, 12]]",256.446
632,"[['C', 1.3546516821347017, 0.417534, 6, 2.55, 12]]",257.184
633,"[['C', 1.3490103813607308, 0.417534, 6, 2.55, 12]]",284.668
634,"[['C', 1.3509463197324891, 0.417498, 6, 2.55, 12]]",262.219
635,"[['C', 1.3509176244475678, 0.417498, 6, 2.55, 12]]",252.464
636,"[['C', 1.3478633933907316, 0.417498, 6, 2.55, 12]]",282.697
637,"[['C', 1.3513595277655313, 0.417498, 6, 2.55, 12]]",252.428
638,"[['C', 1.347986820784625, 0.417498, 6, 2.55, 12]]",283.135
639,"[['C', 1.350732296517024, 0.417498, 6, 2.55, 12]]",262.208
640,"[['C', 1.3659171921830984, 0.1689, 6, 2.55, 12]]",340.854
641,"[['C', 1.353107908327458, 0.417442, 6, 2.55, 12]]",255.106
642,"[['C', 1.3484566760555878, 0.417442, 6, 2.55, 12]]",284.409
643,"[['C', 1.3527017854080636, 0.417442, 6, 2.55, 12]]",258.632
644,"[['C', 1.3525567508808871, 0.417442, 6, 2.55, 12]]",259.187
645,"[['C', 1.3486754407014396, 0.417442, 6, 2.55, 12]]",284.517
646,"[['C', 1.3526707820655868, 0.417442, 6, 2.55, 12]]",254.107
647,"[['C', 1.3433520585885443, 0.124205, 6, 2.55, 12]]",289.267
648,"[['C', 1.3504371633943777, 0.418185, 6, 2.55, 12]]",261.974
649,"[['C', 1.3552821042064178, 0.418185, 6, 2.55, 12]]",274.229
650,"[['C', 1.3425080904022613, 0.418185, 6, 2.55, 12]]",250.52
651,"[['C', 1.3270004649396598, 0.156208, 6, 2.55, 12]]",283.35
652,"[['C', 1.35802167422655, 0.140192, 6, 2.55, 12], ['H', 1.8482477858848796, 0.295409, 1, 2.2, 1]]",300.048
653,"[['C', 1.3327222901526052, 0.175176, 6, 2.55, 12]]",313.18
654,"[['C', 1.336115926403993, 0.194147, 6, 2.55, 12]]",345.012
655,"[['C', 1.3380438380827226, 0.161305, 6, 2.55, 12]]",311.007
656,"[['C', 1.3536170707349482, 0.420116, 6, 2.55, 12]]",251.315
657,"[['C', 1.3447965747639863, 0.420116, 6, 2.55, 12]]",268.844
658,"[['C', 1.35485188356785, 0.420116, 6, 2.55, 12]]",274.204
659,"[['C', 1.3492383034895454, 0.135143, 6, 2.55, 12]]",312.608
660,"[['C', 1.3433724895909789, 0.158732, 6, 2.55, 12]]",325.76
661,"[['C', 1.3701551784700525, 0.163559, 6, 2.55, 12], ['H', 1.8775640162174352, 0.295114, 1, 2.2, 1]]",340.301
662,"[['C', 1.3524340038147757, 0.124089, 6, 2.55, 12]]",306.831
663,"[['C', 1.3520748875925832, 0.126238, 6, 2.55, 12]]",310.083
664,"[['C', 1.3582352502157418, 0.146626, 6, 2.55, 12]]",324.465
665,"[['C', 1.3438058680124505, 0.144453, 6, 2.55, 12]]",309.209
666,"[['C', 1.3563336025560913, 0.146717, 6, 2.55, 12]]",326.39
667,"[['C', 1.3515199848231083, 0.417441, 6, 2.55, 12]]",264.355
668,"[['C', 1.3516990502733717, 0.417441, 6, 2.55, 12]]",252.194
669,"[['C', 1.3500006647373894, 0.417441, 6, 2.55, 12]]",282.738
670,"[['C', 1.3334893410196555, 0.178101, 6, 2.55, 12]]",318.672
671,"[['S', 1.7301717214719001, 0.278868, 16, 2.58, 32], ['H', 1.7931042729126623, 0.0434787, 1, 2.2, 1]]",98.497
672,"[['S', 1.6469719580580924, 0.278868, 16, 2.58, 32]]",143.411
673,"[['S', 1.7221349268990518, 0.278868, 16, 2.58, 32], ['H', 1.6811358424324025, 0.0434787, 1, 2.2, 1]]",119.959
674,"[['C', 1.35226144574972, 0.125382, 6, 2.55, 12]]",304.389
675,"[['C', 1.3545466368787886, 0.417421, 6, 2.55, 12]]",253.593
676,"[['C', 1.3504116385023706, 0.417421, 6, 2.55, 12]]",284.052
677,"[['C', 1.3531511412539354, 0.417421, 6, 2.55, 12]]",260.39
678,"[['C', 1.365533167810216, 0.15567, 6, 2.55, 12], ['H', 1.816547522848074, 0.295458, 1, 2.2, 1]]",317.899
679,"[['C', 1.3431647455923108, 0.41824, 6, 2.55, 12]]",252.372
680,"[['C', 1.3583819781527373, 0.41824, 6, 2.55, 12]]",274.652
681,"[['C', 1.3474919644138972, 0.41824, 6, 2.55, 12]]",264.603
682,"[['C', 1.3501494822524087, 0.417508, 6, 2.55, 12]]",253.976
683,"[['C', 1.349654942113503, 0.417508, 6, 2.55, 12]]",259.111
684,"[['C', 1.3455532068753275, 0.417508, 6, 2.55, 12]]",283.269
685,"[['C', 1.3486466936247692, 0.41744, 6, 2.55, 12]]",279.186
686,"[['C', 1.3530606428690695, 0.41744, 6, 2.55, 12]]",269.427
687,"[['C', 1.3532782549646145, 0.41744, 6, 2.55, 12]]",250.768
688,"[['C', 1.3308151721779338, 0.455408, 6, 2.55, 12]]",284.936
689,"[['C', 1.352485912967005, 0.455408, 6, 2.55, 12]]",265.137
690,"[['C', 1.3515748709884892, 0.455408, 6, 2.55, 12]]",265.024
691,"[['C', 1.3377379727566778, 0.213937, 6, 2.55, 12]]",254.224
692,"[['C', 1.3504000677507602, 0.418834, 6, 2.55, 12]]",259.739
693,"[['C', 1.345447157561875, 0.418834, 6, 2.55, 12]]",281.009
694,"[['C', 1.3504831100599706, 0.418834, 6, 2.55, 12]]",252.973
695,"[['C', 1.3488785670169712, 0.42008, 6, 2.55, 12]]",258.155
696,"[['C', 1.3488862984577383, 0.42008, 6, 2.55, 12]]",257.791
697,"[['C', 1.3494063300703294, 0.42008, 6, 2.55, 12]]",278.254
698,"[['C', 1.3635248286485688, 0.148956, 6, 2.55, 12], ['H', 1.8284164880454803, 0.295409, 1, 2.2, 1]]",312.802
699,"[['C', 1.3694287463418946, 0.137336, 6, 2.55, 12], ['H', 1.8128743640110394, 0.295409, 1, 2.2, 1]]",313.749
700,"[['C', 1.3462164690106448, 0.0, 6, 2.55, 12]]",281.556
701,"[['C', 1.331853636789483, 0.227265, 6, 2.55, 12]]",245.272
702,"[['C', 1.3694287463418946, 0.137336, 6, 2.55, 12], ['H', 1.8128743640110394, 0.295409, 1, 2.2, 1]]",313.749
703,"[['C', 1.356846914025473, 0.174915, 6, 2.55, 12]]",337.445
704,"[['C', 1.3559899106797457, 0.145105, 6, 2.55, 12]]",319.365
705,"[['C', 1.3648344863744408, 0.389283, 6, 2.55, 12]]",279.409
706,"[['C', 1.340866624702135, 0.389283, 6, 2.55, 12]]",287.933
707,"[['C', 1.3377379727566778, 0.213937, 6, 2.55, 12]]",254.224
708,"[['C', 1.3278120438589924, 0.575247, 6, 2.55, 12]]",260.525
709,"[['C', 1.3451464057398377, 0.575247, 6, 2.55, 12]]",261.025
710,"[['C', 1.3449183221196814, 0.575247, 6, 2.55, 12]]",260.399
711,"[['C', 1.3475953875589686, 0.138139, 6, 2.55, 12]]",295.259
712,"[['C', 1.3490535147946698, 0.417508, 6, 2.55, 12]]",250.57
713,"[['C', 1.3487123189526093, 0.417508, 6, 2.55, 12]]",275.456
714,"[['C', 1.3478537001775925, 0.417508, 6, 2.55, 12]]",270.712
715,"[['C', 1.365533167810216, 0.15567, 6, 2.55, 12], ['H', 1.816547522848074, 0.295458, 1, 2.2, 1]]",317.899
716,"[['C', 1.3485963700061752, 0.418664, 6, 2.55, 12]]",260.421
717,"[['C', 1.347940637148489, 0.418664, 6, 2.55, 12]]",261.012
718,"[['C', 1.3520652380512483, 0.418664, 6, 2.55, 12]]",282.263
719,"[['C', 1.3512818917667508, 0.417421, 6, 2.55, 12]]",270.738
720,"[['C', 1.3516226480555975, 0.417421, 6, 2.55, 12]]",277.459
721,"[['C', 1.3532530903802567, 0.417421, 6, 2.55, 12]]",250.836
722,"[['C', 1.3488778033656992, 0.124083, 6, 2.55, 12]]",299.918
723,"[['C', 1.348247858872788, 0.418819, 6, 2.55, 12]]",264.436
724,"[['C', 1.34922387198182, 0.418819, 6, 2.55, 12]]",264.052
725,"[['C', 1.3540871793762077, 0.418819, 6, 2.55, 12]]",278.381
726,"[['C', 1.3468313125686944, 0.41883, 6, 2.55, 12]]",263.904
727,"[['C', 1.3465655718342235, 0.41883, 6, 2.55, 12]]",264.805
728,"[['C', 1.3487351583398979, 0.41883, 6, 2.55, 12]]",276.533
729,"[['C', 1.346342317293255, 0.126254, 6, 2.55, 12]]",295.75
730,"[['C', 1.3476921433764972, 0.152172, 6, 2.55, 12]]",306.11
731,"[['C', 1.3470888097830767, 0.123441, 6, 2.55, 12]]",289.035
732,"[['C', 1.3524340038147757, 0.124089, 6, 2.55, 12]]",306.831
733,"[['C', 1.3441382504817534, 0.436776, 6, 2.55, 12]]",262.594
734,"[['C', 1.3442207572420701, 0.436776, 6, 2.55, 12]]",262.504
735,"[['C', 1.346504119322407, 0.436776, 6, 2.55, 12]]",278.881
736,"[['C', 1.331996410459174, 0.159024, 6, 2.55, 12]]",295.137
737,"[['C', 1.3318866527106474, 0.159024, 6, 2.55, 12]]",295.155
738,"[['C', 1.3390056889512774, 0.128979, 6, 2.55, 12]]",281.47
739,"[['C', 1.3327222901526052, 0.175176, 6, 2.55, 12]]",313.18
740,"[['C', 1.336115926403993, 0.194147, 6, 2.55, 12]]",345.012
741,"[['C', 1.3380438380827226, 0.161305, 6, 2.55, 12]]",311.007
742,"[['C', 1.3549680324762046, 0.417478, 6, 2.55, 12]]",254.242
743,"[['C', 1.3508380584711401, 0.417478, 6, 2.55, 12]]",283.087
744,"[['C', 1.3559017639899993, 0.417478, 6, 2.55, 12]]",261.097
745,"[['C', 1.3532133065003573, 0.417478, 6, 2.55, 12]]",255.942
746,"[['C', 1.353164855771358, 0.417478, 6, 2.55, 12]]",256.315
747,"[['C', 1.3511688245540323, 0.417478, 6, 2.55, 12]]",284.854
748,"[['C', 1.347533599378784, 0.12342, 6, 2.55, 12]]",296.205
749,"[['C', 1.3376374684045478, 0.21437, 6, 2.55, 12]]",247.359
750,"[['C', 1.3372290234304571, 0.434102, 6, 2.55, 12]]",282.813
751,"[['C', 1.3544448100791486, 0.434102, 6, 2.55, 12]]",278.682
752,"[['C', 1.3548523331099864, 0.434102, 6, 2.55, 12]]",276.801
753,"[['C', 1.3565357877236788, 0.417422, 6, 2.55, 12]]",255.828
754,"[['C', 1.3571020689093038, 0.417422, 6, 2.55, 12]]",254.993
755,"[['C', 1.3523246456472917, 0.417422, 6, 2.55, 12]]",284.777
756,"[['C', 1.347412364745612, 0.123673, 6, 2.55, 12]]",292.389
757,"[['C', 1.3485855798644917, 0.417508, 6, 2.55, 12]]",275.098
758,"[['C', 1.3501925696214307, 0.417508, 6, 2.55, 12]]",249.655
759,"[['C', 1.3468544571992769, 0.417508, 6, 2.55, 12]]",273.363
760,"[['C', 1.350101575781142, 0.418857, 6, 2.55, 12]]",275.466
761,"[['C', 1.352229283281388, 0.418857, 6, 2.55, 12]]",249.033
762,"[['C', 1.3525653129544974, 0.418857, 6, 2.55, 12]]",270.854
763,"[['C', 1.3469950689400543, 0.126379, 6, 2.55, 12]]",292.902
764,"[['C', 1.3477085115362173, 0.126379, 6, 2.55, 12]]",294.234
765,"[['C', 1.3505237246487765, 0.417421, 6, 2.55, 12]]",276.38
766,"[['C', 1.3498374307498766, 0.417421, 6, 2.55, 12]]",273.126
767,"[['C', 1.3526725602234877, 0.417421, 6, 2.55, 12]]",249.733
768,"[['C', 1.341787419981457, 0.142275, 6, 2.55, 12]]",313.401
769,"[['C', 1.3442295854832, 0.213432, 6, 2.55, 12]]",255.008
770,"[['C', 1.3442992549430062, 0.213197, 6, 2.55, 12]]",257.773
771,"[['C', 1.3521351381493485, 0.131344, 6, 2.55, 12]]",302.1
772,"[['C', 1.343175078862772, 0.213181, 6, 2.55, 12]]",252.218
773,"[['C', 1.3529711341016093, 0.417534, 6, 2.55, 12]]",257.58
774,"[['C', 1.3464829344406488, 0.417534, 6, 2.55, 12]]",284.122
775,"[['C', 1.3528619406328053, 0.417534, 6, 2.55, 12]]",255.732
776,"[['C', 1.3617032311331159, 0.143909, 6, 2.55, 12]]",329.686
777,"[['C', 1.3406862706515186, 0.137352, 6, 2.55, 12]]",295.993
778,"[['C', 1.3442072558055431, 0.213432, 6, 2.55, 12]]",255.016
779,"[['C', 1.3456027784780416, 0.124023, 6, 2.55, 12]]",297.753
780,"[['C', 1.3474628630932848, 0.418849, 6, 2.55, 12]]",264.637
781,"[['C', 1.347725855501112, 0.418849, 6, 2.55, 12]]",264.171
782,"[['C', 1.3517119786054423, 0.418849, 6, 2.55, 12]]",277.346
783,"[['C', 1.3433122151384, 0.123441, 6, 2.55, 12]]",282.325
784,"[['C', 1.3517941192204037, 0.575247, 6, 2.55, 12]]",253.883
785,"[['C', 1.3314053529536138, 0.575247, 6, 2.55, 12]]",260.205
786,"[['C', 1.345006295580495, 0.575247, 6, 2.55, 12]]",264.83
787,"[['C', 1.344455740594515, 0.128154, 6, 2.55, 12]]",291.186
788,"[['C', 1.3445251888968979, 0.128154, 6, 2.55, 12]]",291.452
789,"[['C', 1.3496631942642325, 0.43596, 6, 2.55, 12]]",257.646
790,"[['C', 1.3473309142745364, 0.43596, 6, 2.55, 12]]",263.883
791,"[['C', 1.3528167972699772, 0.43596, 6, 2.55, 12]]",276.184
792,"[['C', 1.3542369723723984, 0.433673, 6, 2.55, 12]]",256.342
793,"[['C', 1.3440310711348198, 0.433673, 6, 2.55, 12]]",277.392
794,"[['C', 1.3543542395178731, 0.433673, 6, 2.55, 12]]",257.802
795,"[['C', 1.3572560945353056, 0.145305, 6, 2.55, 12]]",334.503
796,"[['C', 1.3421769608644145, 0.142599, 6, 2.55, 12]]",293.351
797,"[['C', 1.3476680754403343, 0.123673, 6, 2.55, 12]]",292.629
798,"[['C', 1.429585014118841, 0.114508, 6, 2.55, 12], ['H', 1.855617359290754, 0.1454, 1, 2.2, 1]]",360.037
799,"[['C', 1.3504571607699123, 0.417429, 6, 2.55, 12]]",272.138
800,"[['C', 1.350245709937846, 0.417429, 6, 2.55, 12]]",279.026
801,"[['C', 1.3533154882304164, 0.417429, 6, 2.55, 12]]",248.937
802,"[['C', 1.3473771776825354, 0.12342, 6, 2.55, 12]]",296.646
803,"[['C', 1.3377379727566778, 0.213937, 6, 2.55, 12]]",254.224
804,"[['C', 1.353791616016373, 0.417478, 6, 2.55, 12]]",266.578
805,"[['C', 1.3530184130353837, 0.417478, 6, 2.55, 12]]",282.547
806,"[['C', 1.3558946817348232, 0.417478, 6, 2.55, 12]]",251.943
807,"[['C', 1.3399164242214938, 0.171983, 6, 2.55, 12]]",323.733
808,"[['C', 1.3371100962119025, 0.19699, 6, 2.55, 12]]",353.006
809,"[['C', 1.3341008112938362, 0.199096, 6, 2.55, 12]]",340.599
810,"[['C', 1.3368238824247958, 0.19699, 6, 2.55, 12]]",352.551
811,"[['C', 1.3385827920801745, 0.171983, 6, 2.55, 12]]",321.693
812,"[['C', 1.3399146462611145, 0.171978, 6, 2.55, 12]]",323.329
813,"[['C', 1.3373114764669065, 0.19699, 6, 2.55, 12]]",352.961
814,"[['C', 1.3344437453667701, 0.199096, 6, 2.55, 12]]",341.329
815,"[['C', 1.3373298630157506, 0.19699, 6, 2.55, 12]]",352.952
816,"[['C', 1.33966181468776, 0.171978, 6, 2.55, 12]]",323.511
817,"[['C', 1.3373221801997413, 0.171978, 6, 2.55, 12]]",328.503
818,"[['C', 1.3377161064839553, 0.19699, 6, 2.55, 12]]",353.287
819,"[['C', 1.3342957658329149, 0.199096, 6, 2.55, 12]]",339.199
820,"[['C', 1.3380981398232188, 0.19699, 6, 2.55, 12]]",354.465
821,"[['C', 1.3394286577489127, 0.171978, 6, 2.55, 12]]",335.349
822,"[['C', 1.3402316547385176, 0.171984, 6, 2.55, 12]]",334.053
823,"[['C', 1.3379660546667722, 0.19699, 6, 2.55, 12]]",354.118
824,"[['C', 1.3340389614797221, 0.199096, 6, 2.55, 12]]",339.588
825,"[['C', 1.3370948456933573, 0.19699, 6, 2.55, 12]]",352.766
826,"[['C', 1.3379729227557828, 0.171984, 6, 2.55, 12]]",329.234
827,"[['C', 1.3327222901526052, 0.175176, 6, 2.55, 12]]",313.18
828,"[['C', 1.336115926403993, 0.194147, 6, 2.55, 12]]",345.012
829,"[['C', 1.3380438380827226, 0.161305, 6, 2.55, 12]]",311.007
830,"[['C', 1.3481212218738008, 0.435975, 6, 2.55, 12]]",260.504
831,"[['C', 1.3526326643619826, 0.435975, 6, 2.55, 12]]",277.71
832,"[['C', 1.3484057131015952, 0.435975, 6, 2.55, 12]]",259.917
833,"[['C', 1.3575705802436464, 0.134196, 6, 2.55, 12]]",304.491
834,"[['C', 1.3479854624668053, 0.134196, 6, 2.55, 12]]",297.552
835,"[['C', 1.3444930411351586, 0.128858, 6, 2.55, 12]]",292.596
836,"[['C', 1.3411274672371132, 0.159217, 6, 2.55, 12]]",318.972
837,"[['C', 1.334674220763754, 0.17231, 6, 2.55, 12]]",318.613
838,"[['C', 1.3448041170080252, 0.126138, 6, 2.55, 12]]",292.166
839,"[['C', 1.3690599752377608, 0.129794, 6, 2.55, 12], ['H', 1.943493973116992, 0.295061, 1, 2.2, 1]]",308.67
840,"[['C', 1.3667775758058296, 0.137424, 6, 2.55, 12], ['H', 1.8188160121023416, 0.295409, 1, 2.2, 1]]",317.117
841,"[['C', 1.3520980661149435, 0.434233, 6, 2.55, 12]]",255.15
842,"[['C', 1.3525410421783206, 0.434233, 6, 2.55, 12]]",263.239
843,"[['C', 1.33717402417599, 0.434233, 6, 2.55, 12]]",285.813
844,"[['C', 1.3517680735966902, 0.125382, 6, 2.55, 12]]",303.819
845,"[['C', 1.3523918159557513, 0.41744, 6, 2.55, 12]]",256.011
846,"[['C', 1.3505017022595784, 0.41744, 6, 2.55, 12]]",283.993
847,"[['C', 1.3524505902694135, 0.41744, 6, 2.55, 12]]",255.99
848,"[['C', 1.3550453641661013, 0.434102, 6, 2.55, 12]]",276.889
849,"[['C', 1.3372519081940795, 0.434102, 6, 2.55, 12]]",283.043
850,"[['C', 1.3543941640431598, 0.434102, 6, 2.55, 12]]",278.791
851,"[['C', 1.349480405905248, 0.417508, 6, 2.55, 12]]",259.517
852,"[['C', 1.3502587313400076, 0.417508, 6, 2.55, 12]]",253.94
853,"[['C', 1.3456408325924871, 0.417508, 6, 2.55, 12]]",283.036
854,"[['C', 1.3471737034790516, 0.125437, 6, 2.55, 12]]",294.293
855,"[['C', 1.3365225848080993, 0.163108, 6, 2.55, 12]]",313.622
856,"[['C', 1.3316393074593627, 0.193444, 6, 2.55, 12]]",335.251
857,"[['C', 1.3365056299592495, 0.163108, 6, 2.55, 12]]",313.481
858,"[['C', 1.3509352086771158, 0.417422, 6, 2.55, 12]]",250.215
859,"[['C', 1.3496837986380443, 0.417422, 6, 2.55, 12]]",266.749
860,"[['C', 1.3480674141566646, 0.417422, 6, 2.55, 12]]",281.198
861,"[['C', 1.3487108711346338, 0.417554, 6, 2.55, 12]]",256.323
862,"[['C', 1.3461030947483263, 0.417554, 6, 2.55, 12]]",283.019
863,"[['C', 1.3486322247738598, 0.417554, 6, 2.55, 12]]",256.232
864,"[['C', 1.3633622341541314, 0.139497, 6, 2.55, 12], ['H', 1.827513549598507, 0.295409, 1, 2.2, 1]]",310.346
865,"[['C', 1.355692920174231, 0.145105, 6, 2.55, 12]]",319.866
866,"[['C', 1.3476092343754722, 0.126947, 6, 2.55, 12]]",295.714
867,"[['P', 1.6326029756692606, 0.623462, 15, 2.19, 31]]",253.584
868,"[['P', 1.6912163503693123, 0.623462, 15, 2.19, 31]]",245.827
869,"[['P', 1.6350724848174407, 0.623462, 15, 2.19, 31]]",248.352
870,"[['P', 1.6106447541936069, 0.623462, 15, 2.19, 31]]",259.872
871,"[['P', 1.6493753748945879, 0.623462, 15, 2.19, 31]]",250.798
872,"[['P', 1.6277192342271691, 0.623462, 15, 2.19, 31]]",253.499
873,"[['C', 1.373174391505354, 0.127077, 6, 2.55, 12], ['H', 1.9332034946960606, 0.295061, 1, 2.2, 1]]",312.757
874,"[['C', 1.3389687423872105, 0.213696, 6, 2.55, 12]]",249.349
875,"[['C', 1.3453687051248606, 0.434307, 6, 2.55, 12]]",263.848
876,"[['C', 1.352936051001391, 0.434307, 6, 2.55, 12]]",283.671
877,"[['C', 1.3457583940294375, 0.434307, 6, 2.55, 12]]",263.426
878,"[['C', 1.3389687423872105, 0.213696, 6, 2.55, 12]]",249.349
879,"[['C', 1.3453687051248606, 0.434307, 6, 2.55, 12]]",263.848
880,"[['C', 1.352936051001391, 0.434307, 6, 2.55, 12]]",283.671
881,"[['C', 1.3457583940294375, 0.434307, 6, 2.55, 12]]",263.426
882,"[['C', 1.3754269661381404, 0.145301, 6, 2.55, 12], ['H', 1.987612640940344, 0.1454, 1, 2.2, 1]]",327.48
883,"[['C', 1.3432679057418158, 0.123441, 6, 2.55, 12]]",282.345
884,"[['C', 1.349417379671616, 0.123738, 6, 2.55, 12]]",300.285
885,"[['C', 1.337983042686983, 0.213965, 6, 2.55, 12]]",249.198
886,"[['C', 1.344242906726102, 0.12639, 6, 2.55, 12]]",288.13
887,"[['C', 1.3444536720857656, 0.12639, 6, 2.55, 12]]",288.473
888,"[['C', 1.343745962679944, 0.575247, 6, 2.55, 12]]",264.661
889,"[['C', 1.3308687029428334, 0.575247, 6, 2.55, 12]]",259.781
890,"[['C', 1.3510082131863344, 0.575247, 6, 2.55, 12]]",252.236
891,"[['C', 1.3402504143929506, 0.162039, 6, 2.55, 12]]",318.128
892,"[['C', 1.3345024276473363, 0.193368, 6, 2.55, 12]]",340.267
893,"[['C', 1.3389705824149616, 0.162039, 6, 2.55, 12]]",315.903
894,"[['C', 1.3475666318378514, 0.123673, 6, 2.55, 12]]",292.533
895,"[['C', 1.3522658670372967, 0.417486, 6, 2.55, 12]]",256.099
896,"[['C', 1.3487177213487338, 0.417486, 6, 2.55, 12]]",284.707
897,"[['C', 1.3521144953082789, 0.417486, 6, 2.55, 12]]",256.708
898,"[['C', 1.358361615532799, 0.433273, 6, 2.55, 12]]",265.804
899,"[['C', 1.339307318399656, 0.433273, 6, 2.55, 12]]",260.54
900,"[['C', 1.3452818265243953, 0.433273, 6, 2.55, 12]]",272.873
901,"[['C', 1.3486181096375283, 0.41743, 6, 2.55, 12]]",280.081
902,"[['C', 1.353726700055946, 0.41743, 6, 2.55, 12]]",266.24
903,"[['C', 1.353454176839844, 0.41743, 6, 2.55, 12]]",251.972
904,"[['C', 1.3526424057300932, 0.125382, 6, 2.55, 12]]",304.415
905,"[['C', 1.3402320182941037, 0.589144, 6, 2.55, 12]]",247.184
906,"[['C', 1.3394993894525258, 0.589144, 6, 2.55, 12]]",249.052
907,"[['C', 1.339436539964457, 0.160737, 6, 2.55, 12]]",325.782
908,"[['C', 1.3344636660013138, 0.161251, 6, 2.55, 12]]",304.72
909,"[['C', 1.3312368177563656, 0.156347, 6, 2.55, 12]]",297.236
910,"[['C', 1.340546837265236, 0.213266, 6, 2.55, 12]]",255.845
911,"[['C', 1.3411274672371132, 0.159217, 6, 2.55, 12]]",318.972
912,"[['C', 1.334674220763754, 0.17231, 6, 2.55, 12]]",318.613
913,"[['C', 1.346882522258723, 0.123422, 6, 2.55, 12]]",292.845
914,"[['C', 1.3491718033783082, 0.420795, 6, 2.55, 12]]",262.185
915,"[['C', 1.3555416695470481, 0.420795, 6, 2.55, 12]]",279.282
916,"[['C', 1.3486242857666693, 0.420795, 6, 2.55, 12]]",262.694
917,"[['C', 1.3616380182383665, 0.131479, 6, 2.55, 12]]",307.246
918,"[['C', 1.3507829469901889, 0.131479, 6, 2.55, 12]]",300.354
919,"[['C', 1.3549940643883605, 0.126566, 6, 2.55, 12]]",299.404
920,"[['C', 1.3402820598187604, 0.419568, 6, 2.55, 12]]",253.613
921,"[['C', 1.3440053682157844, 0.419568, 6, 2.55, 12]]",263.869
922,"[['C', 1.3548658312538682, 0.419568, 6, 2.55, 12]]",270.116
923,"[['C', 1.354463233670775, 0.419105, 6, 2.55, 12]]",260.313
924,"[['C', 1.3695748590186718, 0.419105, 6, 2.55, 12]]",266.546
925,"[['C', 1.3473061592370186, 0.419105, 6, 2.55, 12]]",279.225
926,"[['C', 1.339353508795376, 0.431073, 6, 2.55, 12]]",275.494
927,"[['C', 1.3450418998872442, 0.431073, 6, 2.55, 12]]",276.777
928,"[['C', 1.357128796717078, 0.431073, 6, 2.55, 12]]",279.261
929,"[['C', 1.3464923756211478, 0.431073, 6, 2.55, 12]]",276.389
930,"[['C', 1.3396169168793495, 0.431073, 6, 2.55, 12]]",274.854
931,"[['C', 1.3561871804712893, 0.431073, 6, 2.55, 12]]",278.511
932,"[['C', 1.3416635911283519, 0.447649, 6, 2.55, 12]]",249.308
933,"[['C', 1.347093785022385, 0.447649, 6, 2.55, 12]]",235.964
934,"[['C', 1.342068313136969, 0.447649, 6, 2.55, 12]]",232.017
935,"[['C', 1.370797485140886, 0.123518, 6, 2.55, 12], ['H', 1.9473450917488937, 0.1454, 1, 2.2, 1]]",319.993
936,"[['C', 1.3495663974864252, 0.418781, 6, 2.55, 12]]",277.25
937,"[['C', 1.3486014676111044, 0.418781, 6, 2.55, 12]]",263.674
938,"[['C', 1.3480022053337524, 0.418781, 6, 2.55, 12]]",264.878
939,"[['C', 1.3432742277798748, 0.125251, 6, 2.55, 12]]",290.253
940,"[['C', 1.3527921567312655, 0.12539, 6, 2.55, 12]]",299.814
941,"[['C', 1.3443934339094261, 0.123477, 6, 2.55, 12]]",285.526
942,"[['C', 1.3471747687478777, 0.123421, 6, 2.55, 12]]",293.928
943,"[['P', 1.5939128957132596, 0.593061, 15, 2.19, 31]]",235.54
944,"[['P', 1.566107351688878, 0.593061, 15, 2.19, 31]]",244.493
945,"[['P', 1.601564828299183, 0.593061, 15, 2.19, 31]]",235.709
946,"[['P', 1.5701875926407833, 0.593061, 15, 2.19, 31]]",244.273
947,"[['Cl', 1.9332286376964274, -0.0785818, 17, 3.16, 35]]",29.976
948,"[['P', 1.5750568643303606, 0.593061, 15, 2.19, 31]]",245.282
949,"[['C', 1.349777461066188, 0.123439, 6, 2.55, 12]]",298.346
950,"[['C', 1.3443934339094261, 0.123477, 6, 2.55, 12]]",285.526
951,"[['C', 1.3424741453250555, 0.126342, 6, 2.55, 12]]",291.661
952,"[['C', 1.348247858872788, 0.418819, 6, 2.55, 12]]",264.436
953,"[['C', 1.34922387198182, 0.418819, 6, 2.55, 12]]",264.052
954,"[['C', 1.3540871793762077, 0.418819, 6, 2.55, 12]]",278.381
955,"[['C', 1.3464563664034879, 0.124181, 6, 2.55, 12]]",293.241
956,"[['C', 1.3490413285267888, 0.131602, 6, 2.55, 12]]",300.572
957,"[['C', 1.361872850588779, 0.403337, 6, 2.55, 12]]",273.218
958,"[['C', 1.3441768254118212, 0.403337, 6, 2.55, 12]]",277.733
959,"[['C', 1.3384615527663217, 0.403337, 6, 2.55, 12]]",273.516
960,"[['C', 1.345973456665752, 0.123441, 6, 2.55, 12]]",287.116
961,"[['C', 1.3544410477626219, 0.417429, 6, 2.55, 12]]",256.458
962,"[['C', 1.3506702254922167, 0.417429, 6, 2.55, 12]]",284.842
963,"[['C', 1.3540180557932862, 0.417429, 6, 2.55, 12]]",256.874
964,"[['C', 1.3410807191694407, 0.419224, 6, 2.55, 12]]",249.267
965,"[['C', 1.3523554737531849, 0.419224, 6, 2.55, 12]]",271.651
966,"[['C', 1.357561500063235, 0.419224, 6, 2.55, 12]]",265.694
967,"[['C', 1.3480975907586694, 0.123661, 6, 2.55, 12]]",293.045
968,"[['C', 1.3360641039973657, 0.15931, 6, 2.55, 12]]",311.717
969,"[['C', 1.3365764201473647, 0.160598, 6, 2.55, 12]]",314.614
970,"[['C', 1.355683773831263, 0.420795, 6, 2.55, 12]]",279.187
971,"[['C', 1.3493165102706823, 0.420795, 6, 2.55, 12]]",262.32
972,"[['C', 1.3487971627696573, 0.420795, 6, 2.55, 12]]",262.334
973,"[['C', 1.3351671035994572, 0.156308, 6, 2.55, 12]]",298.896
974,"[['C', 1.335157327232612, 0.156308, 6, 2.55, 12]]",298.894
975,"[['C', 1.3514532903030507, 0.12342, 6, 2.55, 12]]",301.32
976,"[['C', 1.3543535594528695, 0.41743, 6, 2.55, 12]]",251.235
977,"[['C', 1.352587250678169, 0.41743, 6, 2.55, 12]]",268.672
978,"[['C', 1.353042057327829, 0.41743, 6, 2.55, 12]]",278.923
979,"[['C', 1.3460861382835543, 0.134065, 6, 2.55, 12]]",289.372
980,"[['C', 1.3333219607724454, 0.140138, 6, 2.55, 12]]",282.676
981,"[['C', 1.3665131575714127, 0.140138, 6, 2.55, 12], ['H', 1.7799376652047822, 0.29541, 1, 2.2, 1]]",309.987
982,"[['C', 1.3328407623600589, 0.491533, 6, 2.55, 12]]",280.741
983,"[['C', 1.34463005934984, 0.491533, 6, 2.55, 12]]",271.132
984,"[['C', 1.3429511929064748, 0.491533, 6, 2.55, 12]]",273.769
985,"[['C', 1.3506060548876262, 0.420768, 6, 2.55, 12]]",262.11
986,"[['C', 1.3546388341144489, 0.420768, 6, 2.55, 12]]",279.304
987,"[['C', 1.3507872928712583, 0.420768, 6, 2.55, 12]]",262.312
988,"[['C', 1.3554231586524441, 0.143985, 6, 2.55, 12]]",320.112
989,"[['C', 1.3534766836666425, 0.417429, 6, 2.55, 12]]",249.659
990,"[['C', 1.351194823618819, 0.417429, 6, 2.55, 12]]",274.852
991,"[['C', 1.3497531332502868, 0.417429, 6, 2.55, 12]]",275.246
992,"[['C', 1.352733160925017, 0.127066, 6, 2.55, 12]]",303.571
993,"[['C', 1.3462243403593137, 0.127635, 6, 2.55, 12]]",292.476
994,"[['C', 1.347828330569008, 0.124058, 6, 2.55, 12]]",295.692
995,"[['C', 1.3492263984410018, 0.418783, 6, 2.55, 12]]",277.008
996,"[['C', 1.3475769300404654, 0.418783, 6, 2.55, 12]]",265.074
997,"[['C', 1.3483303538439997, 0.418783, 6, 2.55, 12]]",263.852
998,"[['C', 1.3500204196879573, 0.126329, 6, 2.55, 12]]",295.908
999,"[['C', 1.3449111306702475, 0.123444, 6, 2.55, 12]]",287.605
1000,"[['C', 1.3519900953918929, 0.418782, 6, 2.55, 12]]",276.096
1001,"[['C', 1.3478320770917946, 0.418782, 6, 2.55, 12]]",263.942
1002,"[['C', 1.3481564089519689, 0.418782, 6, 2.55, 12]]",263.56
1003,"[['C', 1.3449111306702475, 0.123444, 6, 2.55, 12]]",287.605
1004,"[['C', 1.425620598111686, 0.209195, 6, 2.55, 12], ['H', 1.8629358329999632, 0.295154, 1, 2.2, 1]]",340.712
1005,"[['C', 1.347828330569008, 0.124058, 6, 2.55, 12]]",295.692
1006,"[['C', 1.347909989415867, 0.418781, 6, 2.55, 12]]",264.907
1007,"[['C', 1.349551576161891, 0.418781, 6, 2.55, 12]]",277.196
1008,"[['C', 1.3484498645704504, 0.418781, 6, 2.55, 12]]",263.872
1009,"[['C', 1.3516708010895508, 0.417528, 6, 2.55, 12]]",250.114
1010,"[['C', 1.350413657563887, 0.417528, 6, 2.55, 12]]",277.273
1011,"[['C', 1.3475866235065366, 0.417528, 6, 2.55, 12]]",272.053
1012,"[['C', 1.3445984398148187, 0.124713, 6, 2.55, 12]]",293.397
1013,"[['C', 1.3523341302423595, 0.126608, 6, 2.55, 12]]",296.54
1014,"[['C', 1.349738271550734, 0.0, 6, 2.55, 12]]",285.887
1015,"[['C', 1.355192067507073, 0.0, 6, 2.55, 12]]",256.516
1016,"[['C', 1.35531174022722, 0.0, 6, 2.55, 12]]",255.996
1017,"[['C', 1.3538252665858157, 0.417479, 6, 2.55, 12]]",250.119
1018,"[['C', 1.3510977346764153, 0.417479, 6, 2.55, 12]]",273.195
1019,"[['C', 1.349730474700629, 0.417479, 6, 2.55, 12]]",276.454
1020,"[['C', 1.3437984512620695, 0.419218, 6, 2.55, 12]]",249.361
1021,"[['C', 1.343843582540559, 0.419218, 6, 2.55, 12]]",260.403
1022,"[['C', 1.353137153548576, 0.419218, 6, 2.55, 12]]",272.959
1023,"[['C', 1.3566561538467288, 0.140277, 6, 2.55, 12], ['H', 1.8789814508019065, 0.29541, 1, 2.2, 1]]",295.329
1024,"[['C', 1.3198503965943553, 0.170168, 6, 2.55, 12]]",286.151
1025,"[['C', 1.3503823791567826, 0.417682, 6, 2.55, 12]]",266.438
1026,"[['C', 1.354022205209425, 0.417682, 6, 2.55, 12]]",248.645
1027,"[['C', 1.351201957861756, 0.417682, 6, 2.55, 12]]",272.309
1028,"[['C', 1.33592698969282, 0.15931, 6, 2.55, 12]]",311.786
1029,"[['C', 1.3366904594262625, 0.160598, 6, 2.55, 12]]",314.547
1030,"[['C', 1.3407432794326106, 0.0, 6, 2.55, 12]]",255.423
1031,"[['C', 1.3407477640390553, 0.0, 6, 2.55, 12]]",255.425
1032,"[['C', 1.354690634939789, 0.417429, 6, 2.55, 12]]",257.655
1033,"[['C', 1.3499928215806969, 0.417429, 6, 2.55, 12]]",284.854
1034,"[['C', 1.3533734343581998, 0.417429, 6, 2.55, 12]]",255.64
1035,"[['C', 1.3348255266194777, 0.451084, 6, 2.55, 12]]",277.136
1036,"[['C', 1.350909384119154, 0.451084, 6, 2.55, 12]]",272.494
1037,"[['C', 1.3487825973405605, 0.451084, 6, 2.55, 12]]",280.452
1038,"[['C', 1.3572202491179324, 0.41748, 6, 2.55, 12]]",260.695
1039,"[['C', 1.3567712265590872, 0.41748, 6, 2.55, 12]]",253.029
1040,"[['C', 1.35171603146348, 0.41748, 6, 2.55, 12]]",283.366
1041,"[['C', 1.3472222297518628, 0.123845, 6, 2.55, 12]]",298.908
1042,"[['C', 1.372519311352555, 0.127249, 6, 2.55, 12], ['H', 1.9253104148644182, 0.295061, 1, 2.2, 1]]",319.4
1043,"[['C', 1.3520713870298295, 0.417477, 6, 2.55, 12]]",249.864
1044,"[['C', 1.3519305208686707, 0.417477, 6, 2.55, 12]]",268.427
1045,"[['C', 1.3490687940694353, 0.417477, 6, 2.55, 12]]",280.006
1046,"[['C', 1.3534716383808651, 0.417429, 6, 2.55, 12]]",255.393
1047,"[['C', 1.352398905493236, 0.417429, 6, 2.55, 12]]",257.738
1048,"[['C', 1.3496312741454266, 0.417429, 6, 2.55, 12]]",285.007
1049,"[['C', 1.3562078236717727, 0.146039, 6, 2.55, 12]]",305.63
1050,"[['C', 1.352968629853837, 0.419148, 6, 2.55, 12]]",260.77
1051,"[['C', 1.3677840288427734, 0.419148, 6, 2.55, 12]]",266.777
1052,"[['C', 1.3459645706859613, 0.419148, 6, 2.55, 12]]",278.81
1053,"[['C', 1.3313735623122398, 0.154828, 6, 2.55, 12]]",293.932
1054,"[['C', 1.3464563664034879, 0.124181, 6, 2.55, 12]]",293.241
1055,"[['C', 1.3526680957828963, 0.575248, 6, 2.55, 12]]",253.066
1056,"[['C', 1.3322461471034734, 0.575248, 6, 2.55, 12]]",259.776
1057,"[['C', 1.3445343104879999, 0.575248, 6, 2.55, 12]]",264.189
1058,"[['C', 1.3551093815375008, 0.123517, 6, 2.55, 12]]",314.871
1059,"[['C', 1.3415069792185894, 0.123515, 6, 2.55, 12]]",281.935
1060,"[['C', 1.3526464160364844, 0.417535, 6, 2.55, 12]]",256.285
1061,"[['C', 1.3526626062645892, 0.417535, 6, 2.55, 12]]",256.959
1062,"[['C', 1.349643012640137, 0.417535, 6, 2.55, 12]]",284.568
1063,"[['C', 1.3526464160364844, 0.417535, 6, 2.55, 12]]",256.285
1064,"[['C', 1.3526626062645892, 0.417535, 6, 2.55, 12]]",256.959
1065,"[['C', 1.349643012640137, 0.417535, 6, 2.55, 12]]",284.568
1066,"[['C', 1.3452422779689788, 0.123515, 6, 2.55, 12]]",290.072
1067,"[['C', 1.3554896785634765, 0.123517, 6, 2.55, 12]]",314.785
1068,"[['C', 1.3447106742799306, 0.125561, 6, 2.55, 12]]",292.931
1069,"[['C', 1.3326580547098303, 0.157688, 6, 2.55, 12]]",297.017
1070,"[['C', 1.332666103667022, 0.157688, 6, 2.55, 12]]",297.002
1071,"[['C', 1.3473750446828021, 0.123936, 6, 2.55, 12]]",294.867
1072,"[['C', 1.352950428126842, 0.417507, 6, 2.55, 12]]",256.41
1073,"[['C', 1.349316566805805, 0.417507, 6, 2.55, 12]]",284.235
1074,"[['C', 1.3529157062432513, 0.417507, 6, 2.55, 12]]",256.572
1075,"[['C', 1.3319789211937323, 0.154225, 6, 2.55, 12]]",295.91
1076,"[['C', 1.3469820948843108, 0.418103, 6, 2.55, 12]]",279.491
1077,"[['C', 1.352826077756549, 0.418103, 6, 2.55, 12]]",247.315
1078,"[['C', 1.3527909090431351, 0.418103, 6, 2.55, 12]]",247.679
1079,"[['C', 1.353442240015722, 0.417429, 6, 2.55, 12]]",251.109
1080,"[['C', 1.3503632952642437, 0.417429, 6, 2.55, 12]]",281.781
1081,"[['C', 1.352034618617058, 0.417429, 6, 2.55, 12]]",266.081
1082,"[['C', 1.3507107068958217, 0.41743, 6, 2.55, 12]]",272.524
1083,"[['C', 1.3546642546207495, 0.41743, 6, 2.55, 12]]",249.301
1084,"[['C', 1.351688339289198, 0.41743, 6, 2.55, 12]]",278.296
1085,"[['C', 1.3486454960893772, 0.417477, 6, 2.55, 12]]",271.964
1086,"[['C', 1.3500991263588928, 0.417477, 6, 2.55, 12]]",274.761
1087,"[['C', 1.3498872951475602, 0.417477, 6, 2.55, 12]]",250.293
1088,"[['C', 1.346750544904744, 0.123845, 6, 2.55, 12]]",299.019
1089,"[['C', 1.3719509544445672, 0.127249, 6, 2.55, 12], ['H', 1.926116426350313, 0.295061, 1, 2.2, 1]]",319.547
1090,"[['C', 1.3447977690204755, 0.158652, 6, 2.55, 12]]",323.384
1091,"[['C', 1.3446587840846311, 0.158411, 6, 2.55, 12]]",326.708
1092,"[['C', 1.3434786452099945, 0.419568, 6, 2.55, 12]]",264.343
1093,"[['C', 1.340504335770338, 0.419568, 6, 2.55, 12]]",253.329
1094,"[['C', 1.3552494874403298, 0.419568, 6, 2.55, 12]]",270.31
1095,"[['C', 1.3461483461516774, 0.16747, 6, 2.55, 12]]",321.412
1096,"[['C', 1.3653216067763425, 0.17033, 6, 2.55, 12]]",341.134
1097,"[['C', 1.3487865359394493, 0.0, 6, 2.55, 12]]",259.589
1098,"[['C', 1.3330230075580345, 0.0, 6, 2.55, 12]]",260.399
1099,"[['C', 1.3478856247640514, 0.0, 6, 2.55, 12]]",261.492
1100,"[['C', 1.3474301331840424, 0.417442, 6, 2.55, 12]]",270.891
1101,"[['C', 1.3510927045371235, 0.417442, 6, 2.55, 12]]",276.973
1102,"[['C', 1.350427527528785, 0.417442, 6, 2.55, 12]]",251.141
1103,"[['C', 1.3425215080426613, 0.123441, 6, 2.55, 12]]",281.196
1104,"[['C', 1.3526378841688687, 0.417486, 6, 2.55, 12]]",258.31
1105,"[['C', 1.3529501036488885, 0.417486, 6, 2.55, 12]]",255.873
1106,"[['C', 1.346138092342899, 0.417486, 6, 2.55, 12]]",284.13
1107,"[['C', 1.352952643722181, 0.41743, 6, 2.55, 12]]",275.539
1108,"[['C', 1.3520824174944959, 0.41743, 6, 2.55, 12]]",273.772
1109,"[['C', 1.3528233747399625, 0.41743, 6, 2.55, 12]]",249.821
1110,"[['C', 1.3453695152084377, 0.405516, 6, 2.55, 12]]",276.841
1111,"[['C', 1.3470313123611413, 0.405516, 6, 2.55, 12]]",262.161
1112,"[['C', 1.3752523148892346, 0.405516, 6, 2.55, 12], ['H', 1.9058306822610047, 0.295073, 1, 2.2, 1]]",264.332
1113,"[['C', 1.353721773269925, 0.417499, 6, 2.55, 12]]",257.3
1114,"[['C', 1.353837240571086, 0.417499, 6, 2.55, 12]]",257.728
1115,"[['C', 1.3468008228441497, 0.417499, 6, 2.55, 12]]",284.287
1116,"[['C', 1.34839238183164, 0.123421, 6, 2.55, 12]]",296.314
1117,"[['C', 1.350630750731087, 0.123629, 6, 2.55, 12]]",302.667
1118,"[['C', 1.3488703769593178, 0.123961, 6, 2.55, 12]]",296.651
1119,"[['C', 1.3313735623122398, 0.154828, 6, 2.55, 12]]",293.932
1120,"[['C', 1.332936884752552, 0.156901, 6, 2.55, 12]]",293.829
1121,"[['C', 1.3578078223435939, 0.164591, 6, 2.55, 12]]",334.271
1122,"[['C', 1.3449111306702475, 0.123444, 6, 2.55, 12]]",287.605
1123,"[['C', 1.3450948113264385, 0.123441, 6, 2.55, 12]]",284.358
1124,"[['C', 1.3526464160364844, 0.417535, 6, 2.55, 12]]",256.285
1125,"[['C', 1.3526626062645892, 0.417535, 6, 2.55, 12]]",256.959
1126,"[['C', 1.349643012640137, 0.417535, 6, 2.55, 12]]",284.568
1127,"[['C', 1.3502269326155971, 0.417443, 6, 2.55, 12]]",253.976
1128,"[['C', 1.350055374006466, 0.417443, 6, 2.55, 12]]",283.84
1129,"[['C', 1.3496328442381047, 0.417443, 6, 2.55, 12]]",259.359
1130,"[['C', 1.3472036216503576, 0.123443, 6, 2.55, 12]]",290.972
1131,"[['C', 1.3449111306702475, 0.123444, 6, 2.55, 12]]",287.605
1132,"[['C', 1.3578078223435939, 0.164591, 6, 2.55, 12]]",334.271
1133,"[['C', 1.330478996962881, 0.154666, 6, 2.55, 12]]",295.415
1134,"[['C', 1.3369388683187524, 0.138716, 6, 2.55, 12]]",287.725
1135,"[['C', 1.3458068367369707, 0.123441, 6, 2.55, 12]]",286.97
1136,"[['C', 1.3418227158658915, 0.447667, 6, 2.55, 12]]",248.788
1137,"[['C', 1.3455954126569045, 0.447667, 6, 2.55, 12]]",234.787
1138,"[['C', 1.342370833336031, 0.447667, 6, 2.55, 12]]",232.471
1139,"[['C', 1.346914038119845, 0.418167, 6, 2.55, 12]]",253.375
1140,"[['C', 1.364196907579757, 0.418167, 6, 2.55, 12]]",252.112
1141,"[['C', 1.3444054763326443, 0.418167, 6, 2.55, 12]]",280.796
1142,"[['C', 1.3534856821516257, 0.436534, 6, 2.55, 12]]",269.371
1143,"[['C', 1.3418224625110162, 0.436534, 6, 2.55, 12]]",273.14
1144,"[['C', 1.351908198936989, 0.436534, 6, 2.55, 12]]",252.198
1145,"[['C', 1.3542192896534913, 0.41743, 6, 2.55, 12]]",260.794
1146,"[['C', 1.3504767256418728, 0.41743, 6, 2.55, 12]]",283.575
1147,"[['C', 1.3531822488950416, 0.41743, 6, 2.55, 12]]",253.761
1148,"[['S', 1.6213987647854136, 0.147225, 16, 2.58, 32]]",98.804
1149,"[['C', 1.356665310680306, 0.417422, 6, 2.55, 12]]",262.536
1150,"[['C', 1.3580708498242924, 0.417422, 6, 2.55, 12]]",250.709
1151,"[['C', 1.352277901338734, 0.417422, 6, 2.55, 12]]",283.19
1152,"[['C', 1.3328053957824606, 0.451084, 6, 2.55, 12]]",282.515
1153,"[['C', 1.3528653977637546, 0.451084, 6, 2.55, 12]]",272.272
1154,"[['C', 1.3487382032542423, 0.451084, 6, 2.55, 12]]",279.158
1155,"[['C', 1.3437267106731188, 0.123441, 6, 2.55, 12]]",283.387
1156,"[['C', 1.3346161505111946, 0.140155, 6, 2.55, 12]]",287.462
1157,"[['C', 1.3709610612720056, 0.143021, 6, 2.55, 12], ['H', 1.793738638022501, 0.29541, 1, 2.2, 1]]",310.282
1158,"[['C', 1.3279436103987914, 0.534367, 6, 2.55, 12]]",266.595
1159,"[['C', 1.3306225733434123, 0.534367, 6, 2.55, 12]]",271.509
1160,"[['C', 1.3282592688903094, 0.534367, 6, 2.55, 12]]",268.007
